Date,Kabupaten,Price
01/08/2019,Bangkalan,Rp. 12.000
02/08/2019,Bangkalan,Rp. 12.000
03/08/2019,Bangkalan,Rp. 12.000
04/08/2019,Bangkalan,Rp. 12.000
05/08/2019,Bangkalan,Rp. 12.050
06/08/2019,Bangkalan,Rp. 12.150
07/08/2019,Bangkalan,Rp. 12.150
08/08/2019,Bangkalan,Rp. 12.150
09/08/2019,Bangkalan,Rp. 12.150
10/08/2019,Bangkalan,Rp. 12.150
11/08/2019,Bangkalan,Rp. 12.150
12/08/2019,Bangkalan,Rp. 12.150
13/08/2019,Bangkalan,Rp. 12.150
14/08/2019,Bangkalan,Rp. 12.150
15/08/2019,Bangkalan,Rp. 12.150
16/08/2019,Bangkalan,Rp. 12.150
17/08/2019,Bangkalan,Rp. 12.150
18/08/2019,Bangkalan,Rp. 12.150
19/08/2019,Bangkalan,Rp. 12.150
20/08/2019,Bangkalan,Rp. 12.150
21/08/2019,Bangkalan,Rp. 12.150
22/08/2019,Bangkalan,Rp. 12.150
23/08/2019,Bangkalan,Rp. 12.150
24/08/2019,Bangkalan,Rp. 12.150
25/08/2019,Bangkalan,Rp. 12.150
26/08/2019,Bangkalan,Rp. 12.150
27/08/2019,Bangkalan,Rp. 12.000
28/08/2019,Bangkalan,Rp. 12.000
29/08/2019,Bangkalan,Rp. 12.000
30/08/2019,Bangkalan,Rp. 12.000
31/08/2019,Bangkalan,Rp. 12.000
01/09/2019,Bangkalan,Rp. 12.000
02/09/2019,Bangkalan,Rp. 12.000
03/09/2019,Bangkalan,Rp. 12.000
04/09/2019,Bangkalan,Rp. 12.000
05/09/2019,Bangkalan,Rp. 12.000
06/09/2019,Bangkalan,Rp. 12.000
07/09/2019,Bangkalan,Rp. 12.000
08/09/2019,Bangkalan,Rp. 12.000
09/09/2019,Bangkalan,Rp. 12.050
10/09/2019,Bangkalan,Rp. 12.050
11/09/2019,Bangkalan,Rp. 12.050
12/09/2019,Bangkalan,Rp. 12.050
13/09/2019,Bangkalan,Rp. 12.050
14/09/2019,Bangkalan,Rp. 12.050
15/09/2019,Bangkalan,Rp. 12.050
16/09/2019,Bangkalan,Rp. 12.050
17/09/2019,Bangkalan,Rp. 12.050
18/09/2019,Bangkalan,Rp. 12.050
19/09/2019,Bangkalan,Rp. 12.050
20/09/2019,Bangkalan,Rp. 12.050
21/09/2019,Bangkalan,Rp. 12.050
22/09/2019,Bangkalan,Rp. 12.050
23/09/2019,Bangkalan,Rp. 12.050
24/09/2019,Bangkalan,Rp. 12.050
25/09/2019,Bangkalan,Rp. 12.050
26/09/2019,Bangkalan,Rp. 12.050
27/09/2019,Bangkalan,Rp. 12.050
28/09/2019,Bangkalan,Rp. 12.050
29/09/2019,Bangkalan,Rp. 12.050
30/09/2019,Bangkalan,Rp. 12.050
01/10/2019,Bangkalan,Rp. 12.050
02/10/2019,Bangkalan,Rp. 12.050
03/10/2019,Bangkalan,Rp. 12.050
04/10/2019,Bangkalan,Rp. 11.900
05/10/2019,Bangkalan,Rp. 11.900
06/10/2019,Bangkalan,Rp. 11.900
07/10/2019,Bangkalan,Rp. 11.900
08/10/2019,Bangkalan,Rp. 12.000
09/10/2019,Bangkalan,Rp. 12.000
10/10/2019,Bangkalan,Rp. 12.000
11/10/2019,Bangkalan,Rp. 12.000
12/10/2019,Bangkalan,Rp. 12.000
13/10/2019,Bangkalan,Rp. 12.000
14/10/2019,Bangkalan,Rp. 12.000
15/10/2019,Bangkalan,Rp. 12.000
16/10/2019,Bangkalan,Rp. 12.000
17/10/2019,Bangkalan,Rp. 12.000
18/10/2019,Bangkalan,Rp. 12.000
19/10/2019,Bangkalan,Rp. 12.000
20/10/2019,Bangkalan,Rp. 12.000
21/10/2019,Bangkalan,Rp. 12.000
22/10/2019,Bangkalan,Rp. 12.000
23/10/2019,Bangkalan,Rp. 12.000
24/10/2019,Bangkalan,Rp. 12.000
25/10/2019,Bangkalan,Rp. 12.000
26/10/2019,Bangkalan,Rp. 12.000
27/10/2019,Bangkalan,Rp. 12.000
28/10/2019,Bangkalan,Rp. 12.000
29/10/2019,Bangkalan,Rp. 12.000
30/10/2019,Bangkalan,Rp. 12.000
31/10/2019,Bangkalan,Rp. 12.000
01/11/2019,Bangkalan,Rp. 12.000
02/11/2019,Bangkalan,Rp. 12.000
03/11/2019,Bangkalan,Rp. 12.000
04/11/2019,Bangkalan,Rp. 11.900
05/11/2019,Bangkalan,Rp. 11.900
06/11/2019,Bangkalan,Rp. 11.900
07/11/2019,Bangkalan,Rp. 11.950
08/11/2019,Bangkalan,Rp. 11.950
09/11/2019,Bangkalan,Rp. 11.950
10/11/2019,Bangkalan,Rp. 11.950
11/11/2019,Bangkalan,Rp. 11.950
12/11/2019,Bangkalan,Rp. 11.950
13/11/2019,Bangkalan,Rp. 11.950
14/11/2019,Bangkalan,Rp. 11.950
15/11/2019,Bangkalan,Rp. 11.950
16/11/2019,Bangkalan,Rp. 11.950
17/11/2019,Bangkalan,Rp. 11.950
18/11/2019,Bangkalan,Rp. 11.950
19/11/2019,Bangkalan,Rp. 12.000
20/11/2019,Bangkalan,Rp. 12.000
21/11/2019,Bangkalan,Rp. 12.000
22/11/2019,Bangkalan,Rp. 12.000
23/11/2019,Bangkalan,Rp. 12.000
24/11/2019,Bangkalan,Rp. 12.000
25/11/2019,Bangkalan,Rp. 11.950
26/11/2019,Bangkalan,Rp. 11.950
27/11/2019,Bangkalan,Rp. 11.950
28/11/2019,Bangkalan,Rp. 11.950
29/11/2019,Bangkalan,Rp. 11.950
30/11/2019,Bangkalan,Rp. 11.950
01/12/2019,Bangkalan,Rp. 11.950
02/12/2019,Bangkalan,Rp. 11.950
03/12/2019,Bangkalan,Rp. 11.950
04/12/2019,Bangkalan,Rp. 11.950
05/12/2019,Bangkalan,Rp. 11.950
06/12/2019,Bangkalan,Rp. 11.950
07/12/2019,Bangkalan,Rp. 11.950
08/12/2019,Bangkalan,Rp. 11.950
09/12/2019,Bangkalan,Rp. 11.950
10/12/2019,Bangkalan,Rp. 11.950
11/12/2019,Bangkalan,Rp. 11.950
12/12/2019,Bangkalan,Rp. 11.950
13/12/2019,Bangkalan,Rp. 11.950
14/12/2019,Bangkalan,Rp. 11.950
15/12/2019,Bangkalan,Rp. 11.950
16/12/2019,Bangkalan,Rp. 11.950
17/12/2019,Bangkalan,Rp. 11.950
18/12/2019,Bangkalan,Rp. 11.950
19/12/2019,Bangkalan,Rp. 11.950
20/12/2019,Bangkalan,Rp. 11.950
21/12/2019,Bangkalan,Rp. 11.950
22/12/2019,Bangkalan,Rp. 11.950
23/12/2019,Bangkalan,Rp. 11.950
24/12/2019,Bangkalan,Rp. 11.950
25/12/2019,Bangkalan,Rp. 11.950
26/12/2019,Bangkalan,Rp. 11.950
27/12/2019,Bangkalan,Rp. 11.950
28/12/2019,Bangkalan,Rp. 11.950
29/12/2019,Bangkalan,Rp. 11.950
30/12/2019,Bangkalan,Rp. 11.950
31/12/2019,Bangkalan,Rp. 11.850
01/01/2020,Bangkalan,Rp. 11.850
02/01/2020,Bangkalan,Rp. 11.850
03/01/2020,Bangkalan,Rp. 11.850
04/01/2020,Bangkalan,Rp. 11.850
05/01/2020,Bangkalan,Rp. 11.850
06/01/2020,Bangkalan,Rp. 11.900
07/01/2020,Bangkalan,Rp. 11.900
08/01/2020,Bangkalan,Rp. 11.800
09/01/2020,Bangkalan,Rp. 11.800
10/01/2020,Bangkalan,Rp. 11.800
11/01/2020,Bangkalan,Rp. 11.800
12/01/2020,Bangkalan,Rp. 11.800
13/01/2020,Bangkalan,Rp. 11.800
14/01/2020,Bangkalan,Rp. 11.850
15/01/2020,Bangkalan,Rp. 11.850
16/01/2020,Bangkalan,Rp. 11.850
17/01/2020,Bangkalan,Rp. 11.850
18/01/2020,Bangkalan,Rp. 11.850
19/01/2020,Bangkalan,Rp. 11.850
20/01/2020,Bangkalan,Rp. 11.850
21/01/2020,Bangkalan,Rp. 11.900
22/01/2020,Bangkalan,Rp. 11.900
23/01/2020,Bangkalan,Rp. 11.900
24/01/2020,Bangkalan,Rp. 11.900
25/01/2020,Bangkalan,Rp. 11.900
26/01/2020,Bangkalan,Rp. 11.900
27/01/2020,Bangkalan,Rp. 11.900
28/01/2020,Bangkalan,Rp. 11.900
29/01/2020,Bangkalan,Rp. 11.900
30/01/2020,Bangkalan,Rp. 11.900
31/01/2020,Bangkalan,Rp. 11.900
01/02/2020,Bangkalan,Rp. 11.900
02/02/2020,Bangkalan,Rp. 11.900
03/02/2020,Bangkalan,Rp. 11.900
04/02/2020,Bangkalan,Rp. 11.900
05/02/2020,Bangkalan,Rp. 11.900
06/02/2020,Bangkalan,Rp. 11.900
07/02/2020,Bangkalan,Rp. 11.900
08/02/2020,Bangkalan,Rp. 11.900
09/02/2020,Bangkalan,Rp. 11.900
10/02/2020,Bangkalan,Rp. 11.900
11/02/2020,Bangkalan,Rp. 11.900
12/02/2020,Bangkalan,Rp. 11.900
13/02/2020,Bangkalan,Rp. 11.900
14/02/2020,Bangkalan,Rp. 11.900
15/02/2020,Bangkalan,Rp. 11.900
16/02/2020,Bangkalan,Rp. 11.900
17/02/2020,Bangkalan,Rp. 11.900
18/02/2020,Bangkalan,Rp. 11.900
19/02/2020,Bangkalan,Rp. 11.900
20/02/2020,Bangkalan,Rp. 11.900
21/02/2020,Bangkalan,Rp. 11.900
22/02/2020,Bangkalan,Rp. 11.900
23/02/2020,Bangkalan,Rp. 11.900
24/02/2020,Bangkalan,Rp. 11.900
25/02/2020,Bangkalan,Rp. 11.900
26/02/2020,Bangkalan,Rp. 11.900
27/02/2020,Bangkalan,Rp. 11.900
28/02/2020,Bangkalan,Rp. 11.900
29/02/2020,Bangkalan,Rp. 11.900
01/03/2020,Bangkalan,Rp. 11.900
02/03/2020,Bangkalan,Rp. 11.900
03/03/2020,Bangkalan,Rp. 11.900
04/03/2020,Bangkalan,Rp. 11.950
05/03/2020,Bangkalan,Rp. 11.950
06/03/2020,Bangkalan,Rp. 11.950
07/03/2020,Bangkalan,Rp. 11.950
08/03/2020,Bangkalan,Rp. 11.950
09/03/2020,Bangkalan,Rp. 11.950
10/03/2020,Bangkalan,Rp. 11.950
11/03/2020,Bangkalan,Rp. 11.900
12/03/2020,Bangkalan,Rp. 11.900
13/03/2020,Bangkalan,Rp. 11.900
14/03/2020,Bangkalan,Rp. 11.900
15/03/2020,Bangkalan,Rp. 11.900
16/03/2020,Bangkalan,Rp. 11.900
17/03/2020,Bangkalan,Rp. 11.900
18/03/2020,Bangkalan,Rp. 11.900
19/03/2020,Bangkalan,Rp. 11.900
20/03/2020,Bangkalan,Rp. 11.900
21/03/2020,Bangkalan,Rp. 11.900
22/03/2020,Bangkalan,Rp. 11.900
23/03/2020,Bangkalan,Rp. 11.900
24/03/2020,Bangkalan,Rp. 11.850
25/03/2020,Bangkalan,Rp. 11.900
26/03/2020,Bangkalan,Rp. 11.900
27/03/2020,Bangkalan,Rp. 11.900
28/03/2020,Bangkalan,Rp. 11.900
29/03/2020,Bangkalan,Rp. 11.900
30/03/2020,Bangkalan,Rp. 11.900
31/03/2020,Bangkalan,Rp. 11.900
01/04/2020,Bangkalan,Rp. 11.900
02/04/2020,Bangkalan,Rp. 11.900
03/04/2020,Bangkalan,Rp. 11.900
04/04/2020,Bangkalan,Rp. 11.900
05/04/2020,Bangkalan,Rp. 11.900
06/04/2020,Bangkalan,Rp. 11.900
07/04/2020,Bangkalan,Rp. 11.900
08/04/2020,Bangkalan,Rp. 11.900
09/04/2020,Bangkalan,Rp. 11.900
10/04/2020,Bangkalan,Rp. 11.900
11/04/2020,Bangkalan,Rp. 11.900
12/04/2020,Bangkalan,Rp. 11.900
13/04/2020,Bangkalan,Rp. 11.900
14/04/2020,Bangkalan,Rp. 11.900
15/04/2020,Bangkalan,Rp. 11.950
16/04/2020,Bangkalan,Rp. 11.950
17/04/2020,Bangkalan,Rp. 11.950
18/04/2020,Bangkalan,Rp. 11.950
19/04/2020,Bangkalan,Rp. 11.950
20/04/2020,Bangkalan,Rp. 11.950
21/04/2020,Bangkalan,Rp. 11.950
22/04/2020,Bangkalan,Rp. 11.900
23/04/2020,Bangkalan,Rp. 11.900
24/04/2020,Bangkalan,Rp. 11.900
25/04/2020,Bangkalan,Rp. 11.900
26/04/2020,Bangkalan,Rp. 11.900
27/04/2020,Bangkalan,Rp. 11.900
28/04/2020,Bangkalan,Rp. 11.950
29/04/2020,Bangkalan,Rp. 11.950
30/04/2020,Bangkalan,Rp. 11.950
01/05/2020,Bangkalan,Rp. 11.950
02/05/2020,Bangkalan,Rp. 11.950
03/05/2020,Bangkalan,Rp. 11.950
04/05/2020,Bangkalan,Rp. 11.950
05/05/2020,Bangkalan,Rp. 12.000
06/05/2020,Bangkalan,Rp. 12.000
07/05/2020,Bangkalan,Rp. 12.000
08/05/2020,Bangkalan,Rp. 12.000
09/05/2020,Bangkalan,Rp. 12.000
10/05/2020,Bangkalan,Rp. 12.000
11/05/2020,Bangkalan,Rp. 12.000
12/05/2020,Bangkalan,Rp. 12.000
13/05/2020,Bangkalan,Rp. 11.950
14/05/2020,Bangkalan,Rp. 11.900
15/05/2020,Bangkalan,Rp. 11.900
16/05/2020,Bangkalan,Rp. 11.900
17/05/2020,Bangkalan,Rp. 11.900
18/05/2020,Bangkalan,Rp. 11.900
19/05/2020,Bangkalan,Rp. 11.900
20/05/2020,Bangkalan,Rp. 11.900
21/05/2020,Bangkalan,Rp. 11.900
22/05/2020,Bangkalan,Rp. 11.900
23/05/2020,Bangkalan,Rp. 11.900
24/05/2020,Bangkalan,Rp. 11.900
25/05/2020,Bangkalan,Rp. 11.900
26/05/2020,Bangkalan,Rp. 11.900
27/05/2020,Bangkalan,Rp. 11.900
28/05/2020,Bangkalan,Rp. 11.900
29/05/2020,Bangkalan,Rp. 11.900
30/05/2020,Bangkalan,Rp. 11.900
31/05/2020,Bangkalan,Rp. 11.900
01/06/2020,Bangkalan,Rp. 11.900
02/06/2020,Bangkalan,Rp. 11.900
03/06/2020,Bangkalan,Rp. 11.900
04/06/2020,Bangkalan,Rp. 11.900
05/06/2020,Bangkalan,Rp. 11.900
06/06/2020,Bangkalan,Rp. 11.900
07/06/2020,Bangkalan,Rp. 11.900
08/06/2020,Bangkalan,Rp. 11.900
09/06/2020,Bangkalan,Rp. 11.900
10/06/2020,Bangkalan,Rp. 11.900
11/06/2020,Bangkalan,Rp. 11.900
12/06/2020,Bangkalan,Rp. 11.900
13/06/2020,Bangkalan,Rp. 11.900
14/06/2020,Bangkalan,Rp. 11.900
15/06/2020,Bangkalan,Rp. 11.900
16/06/2020,Bangkalan,Rp. 11.900
17/06/2020,Bangkalan,Rp. 11.900
18/06/2020,Bangkalan,Rp. 11.900
19/06/2020,Bangkalan,Rp. 11.900
20/06/2020,Bangkalan,Rp. 11.900
21/06/2020,Bangkalan,Rp. 11.900
22/06/2020,Bangkalan,Rp. 11.900
23/06/2020,Bangkalan,Rp. 11.900
24/06/2020,Bangkalan,Rp. 11.900
25/06/2020,Bangkalan,Rp. 11.900
26/06/2020,Bangkalan,Rp. 11.900
27/06/2020,Bangkalan,Rp. 11.900
28/06/2020,Bangkalan,Rp. 11.900
29/06/2020,Bangkalan,Rp. 11.900
30/06/2020,Bangkalan,Rp. 11.900
01/07/2020,Bangkalan,Rp. 11.900
02/07/2020,Bangkalan,Rp. 11.900
03/07/2020,Bangkalan,Rp. 11.900
04/07/2020,Bangkalan,Rp. 11.900
05/07/2020,Bangkalan,Rp. 11.900
06/07/2020,Bangkalan,Rp. 11.900
07/07/2020,Bangkalan,Rp. 11.900
08/07/2020,Bangkalan,Rp. 11.900
09/07/2020,Bangkalan,Rp. 11.900
10/07/2020,Bangkalan,Rp. 11.900
11/07/2020,Bangkalan,Rp. 11.900
12/07/2020,Bangkalan,Rp. 11.900
13/07/2020,Bangkalan,Rp. 11.900
14/07/2020,Bangkalan,Rp. 11.900
15/07/2020,Bangkalan,Rp. 11.900
16/07/2020,Bangkalan,Rp. 11.900
17/07/2020,Bangkalan,Rp. 11.900
18/07/2020,Bangkalan,Rp. 11.900
19/07/2020,Bangkalan,Rp. 11.900
20/07/2020,Bangkalan,Rp. 11.900
21/07/2020,Bangkalan,Rp. 11.900
22/07/2020,Bangkalan,Rp. 11.900
23/07/2020,Bangkalan,Rp. 11.900
24/07/2020,Bangkalan,Rp. 11.900
25/07/2020,Bangkalan,Rp. 11.900
26/07/2020,Bangkalan,Rp. 11.900
27/07/2020,Bangkalan,Rp. 11.900
28/07/2020,Bangkalan,Rp. 11.900
29/07/2020,Bangkalan,Rp. 11.900
30/07/2020,Bangkalan,Rp. 11.900
31/07/2020,Bangkalan,Rp. 11.900
01/08/2020,Bangkalan,Rp. 11.900
02/08/2020,Bangkalan,Rp. 11.900
03/08/2020,Bangkalan,Rp. 11.900
04/08/2020,Bangkalan,Rp. 11.900
05/08/2020,Bangkalan,Rp. 11.900
06/08/2020,Bangkalan,Rp. 11.900
07/08/2020,Bangkalan,Rp. 11.900
08/08/2020,Bangkalan,Rp. 11.900
09/08/2020,Bangkalan,Rp. 11.900
10/08/2020,Bangkalan,Rp. 11.900
11/08/2020,Bangkalan,Rp. 11.900
12/08/2020,Bangkalan,Rp. 11.900
13/08/2020,Bangkalan,Rp. 11.900
14/08/2020,Bangkalan,Rp. 11.900
15/08/2020,Bangkalan,Rp. 11.900
16/08/2020,Bangkalan,Rp. 11.900
17/08/2020,Bangkalan,Rp. 11.900
18/08/2020,Bangkalan,Rp. 11.900
19/08/2020,Bangkalan,Rp. 11.900
20/08/2020,Bangkalan,Rp. 11.900
21/08/2020,Bangkalan,Rp. 11.900
22/08/2020,Bangkalan,Rp. 11.900
23/08/2020,Bangkalan,Rp. 11.900
24/08/2020,Bangkalan,Rp. 11.900
25/08/2020,Bangkalan,Rp. 11.900
26/08/2020,Bangkalan,Rp. 11.800
27/08/2020,Bangkalan,Rp. 11.750
28/08/2020,Bangkalan,Rp. 11.750
29/08/2020,Bangkalan,Rp. 11.750
30/08/2020,Bangkalan,Rp. 11.750
31/08/2020,Bangkalan,Rp. 11.750
01/09/2020,Bangkalan,Rp. 11.750
02/09/2020,Bangkalan,Rp. 11.750
03/09/2020,Bangkalan,Rp. 11.750
04/09/2020,Bangkalan,Rp. 11.750
05/09/2020,Bangkalan,Rp. 11.750
06/09/2020,Bangkalan,Rp. 11.750
07/09/2020,Bangkalan,Rp. 11.750
08/09/2020,Bangkalan,Rp. 11.750
09/09/2020,Bangkalan,Rp. 11.750
10/09/2020,Bangkalan,Rp. 11.750
11/09/2020,Bangkalan,Rp. 11.750
12/09/2020,Bangkalan,Rp. 11.750
13/09/2020,Bangkalan,Rp. 11.750
14/09/2020,Bangkalan,Rp. 11.750
15/09/2020,Bangkalan,Rp. 11.750
16/09/2020,Bangkalan,Rp. 11.750
17/09/2020,Bangkalan,Rp. 11.750
18/09/2020,Bangkalan,Rp. 11.750
19/09/2020,Bangkalan,Rp. 11.750
20/09/2020,Bangkalan,Rp. 11.750
21/09/2020,Bangkalan,Rp. 11.750
22/09/2020,Bangkalan,Rp. 11.750
23/09/2020,Bangkalan,Rp. 11.750
24/09/2020,Bangkalan,Rp. 11.750
25/09/2020,Bangkalan,Rp. 11.750
26/09/2020,Bangkalan,Rp. 11.750
27/09/2020,Bangkalan,Rp. 11.750
28/09/2020,Bangkalan,Rp. 11.750
29/09/2020,Bangkalan,Rp. 11.750
30/09/2020,Bangkalan,Rp. 11.750
01/10/2020,Bangkalan,Rp. 11.750
02/10/2020,Bangkalan,Rp. 11.750
03/10/2020,Bangkalan,Rp. 11.750
04/10/2020,Bangkalan,Rp. 11.750
05/10/2020,Bangkalan,Rp. 11.750
06/10/2020,Bangkalan,Rp. 11.750
07/10/2020,Bangkalan,Rp. 11.750
08/10/2020,Bangkalan,Rp. 11.750
09/10/2020,Bangkalan,Rp. 11.750
10/10/2020,Bangkalan,Rp. 11.750
11/10/2020,Bangkalan,Rp. 11.750
12/10/2020,Bangkalan,Rp. 11.750
13/10/2020,Bangkalan,Rp. 11.750
14/10/2020,Bangkalan,Rp. 11.800
15/10/2020,Bangkalan,Rp. 11.800
16/10/2020,Bangkalan,Rp. 11.800
17/10/2020,Bangkalan,Rp. 11.800
18/10/2020,Bangkalan,Rp. 11.800
19/10/2020,Bangkalan,Rp. 11.800
20/10/2020,Bangkalan,Rp. 11.800
21/10/2020,Bangkalan,Rp. 11.800
22/10/2020,Bangkalan,Rp. 11.800
23/10/2020,Bangkalan,Rp. 11.800
24/10/2020,Bangkalan,Rp. 11.800
25/10/2020,Bangkalan,Rp. 11.800
26/10/2020,Bangkalan,Rp. 11.800
27/10/2020,Bangkalan,Rp. 11.800
28/10/2020,Bangkalan,Rp. 11.800
29/10/2020,Bangkalan,Rp. 11.800
30/10/2020,Bangkalan,Rp. 11.800
31/10/2020,Bangkalan,Rp. 11.800
01/11/2020,Bangkalan,Rp. 11.800
02/11/2020,Bangkalan,Rp. 11.800
03/11/2020,Bangkalan,Rp. 11.800
04/11/2020,Bangkalan,Rp. 11.800
05/11/2020,Bangkalan,Rp. 11.800
06/11/2020,Bangkalan,Rp. 11.800
07/11/2020,Bangkalan,Rp. 11.800
08/11/2020,Bangkalan,Rp. 11.800
09/11/2020,Bangkalan,Rp. 11.800
10/11/2020,Bangkalan,Rp. 11.800
11/11/2020,Bangkalan,Rp. 11.800
12/11/2020,Bangkalan,Rp. 11.800
13/11/2020,Bangkalan,Rp. 11.800
14/11/2020,Bangkalan,Rp. 11.800
15/11/2020,Bangkalan,Rp. 11.800
16/11/2020,Bangkalan,Rp. 11.800
17/11/2020,Bangkalan,Rp. 11.800
18/11/2020,Bangkalan,Rp. 11.700
19/11/2020,Bangkalan,Rp. 11.700
20/11/2020,Bangkalan,Rp. 11.700
21/11/2020,Bangkalan,Rp. 11.700
22/11/2020,Bangkalan,Rp. 11.700
23/11/2020,Bangkalan,Rp. 11.700
24/11/2020,Bangkalan,Rp. 11.700
25/11/2020,Bangkalan,Rp. 11.750
26/11/2020,Bangkalan,Rp. 11.750
27/11/2020,Bangkalan,Rp. 11.750
28/11/2020,Bangkalan,Rp. 11.750
29/11/2020,Bangkalan,Rp. 11.750
30/11/2020,Bangkalan,Rp. 11.750
01/12/2020,Bangkalan,Rp. 11.750
02/12/2020,Bangkalan,Rp. 11.700
03/12/2020,Bangkalan,Rp. 11.700
04/12/2020,Bangkalan,Rp. 11.700
05/12/2020,Bangkalan,Rp. 11.700
06/12/2020,Bangkalan,Rp. 11.700
07/12/2020,Bangkalan,Rp. 11.700
08/12/2020,Bangkalan,Rp. 11.700
09/12/2020,Bangkalan,Rp. 11.700
10/12/2020,Bangkalan,Rp. 11.700
11/12/2020,Bangkalan,Rp. 11.700
12/12/2020,Bangkalan,Rp. 11.700
13/12/2020,Bangkalan,Rp. 11.700
14/12/2020,Bangkalan,Rp. 11.700
15/12/2020,Bangkalan,Rp. 11.700
16/12/2020,Bangkalan,Rp. 11.700
17/12/2020,Bangkalan,Rp. 11.700
18/12/2020,Bangkalan,Rp. 11.700
19/12/2020,Bangkalan,Rp. 11.700
20/12/2020,Bangkalan,Rp. 11.700
21/12/2020,Bangkalan,Rp. 11.700
22/12/2020,Bangkalan,Rp. 11.700
23/12/2020,Bangkalan,Rp. 11.700
24/12/2020,Bangkalan,Rp. 11.700
25/12/2020,Bangkalan,Rp. 11.700
26/12/2020,Bangkalan,Rp. 11.700
27/12/2020,Bangkalan,Rp. 11.700
28/12/2020,Bangkalan,Rp. 11.700
29/12/2020,Bangkalan,Rp. 11.700
30/12/2020,Bangkalan,Rp. 11.700
31/12/2020,Bangkalan,Rp. 11.700
01/01/2021,Bangkalan,Rp. 11.700
02/01/2021,Bangkalan,Rp. 11.700
03/01/2021,Bangkalan,Rp. 11.700
04/01/2021,Bangkalan,Rp. 11.700
05/01/2021,Bangkalan,Rp. 11.700
06/01/2021,Bangkalan,Rp. 11.700
07/01/2021,Bangkalan,Rp. 11.700
08/01/2021,Bangkalan,Rp. 11.700
09/01/2021,Bangkalan,Rp. 11.700
10/01/2021,Bangkalan,Rp. 11.700
11/01/2021,Bangkalan,Rp. 11.700
12/01/2021,Bangkalan,Rp. 11.700
13/01/2021,Bangkalan,Rp. 11.700
14/01/2021,Bangkalan,Rp. 11.700
15/01/2021,Bangkalan,Rp. 11.700
16/01/2021,Bangkalan,Rp. 11.700
17/01/2021,Bangkalan,Rp. 11.700
18/01/2021,Bangkalan,Rp. 11.700
19/01/2021,Bangkalan,Rp. 11.700
20/01/2021,Bangkalan,Rp. 11.700
21/01/2021,Bangkalan,Rp. 11.700
22/01/2021,Bangkalan,Rp. 11.700
23/01/2021,Bangkalan,Rp. 11.700
24/01/2021,Bangkalan,Rp. 11.700
25/01/2021,Bangkalan,Rp. 11.700
26/01/2021,Bangkalan,Rp. 11.700
27/01/2021,Bangkalan,Rp. 11.700
28/01/2021,Bangkalan,Rp. 11.700
29/01/2021,Bangkalan,Rp. 11.700
30/01/2021,Bangkalan,Rp. 11.700
31/01/2021,Bangkalan,Rp. 11.700
01/02/2021,Bangkalan,Rp. 11.700
02/02/2021,Bangkalan,Rp. 11.700
03/02/2021,Bangkalan,Rp. 11.700
04/02/2021,Bangkalan,Rp. 11.700
05/02/2021,Bangkalan,Rp. 11.700
06/02/2021,Bangkalan,Rp. 11.700
07/02/2021,Bangkalan,Rp. 11.700
08/02/2021,Bangkalan,Rp. 11.700
09/02/2021,Bangkalan,Rp. 11.700
10/02/2021,Bangkalan,Rp. 11.700
11/02/2021,Bangkalan,Rp. 11.700
12/02/2021,Bangkalan,Rp. 11.700
13/02/2021,Bangkalan,Rp. 11.700
14/02/2021,Bangkalan,Rp. 11.700
15/02/2021,Bangkalan,Rp. 11.700
16/02/2021,Bangkalan,Rp. 11.700
17/02/2021,Bangkalan,Rp. 11.750
18/02/2021,Bangkalan,Rp. 11.750
19/02/2021,Bangkalan,Rp. 11.750
20/02/2021,Bangkalan,Rp. 11.750
21/02/2021,Bangkalan,Rp. 11.750
22/02/2021,Bangkalan,Rp. 11.750
23/02/2021,Bangkalan,Rp. 11.750
24/02/2021,Bangkalan,Rp. 11.700
25/02/2021,Bangkalan,Rp. 11.700
26/02/2021,Bangkalan,Rp. 11.700
27/02/2021,Bangkalan,Rp. 11.700
28/02/2021,Bangkalan,Rp. 11.700
01/03/2021,Bangkalan,Rp. 11.700
02/03/2021,Bangkalan,Rp. 11.700
03/03/2021,Bangkalan,Rp. 11.700
04/03/2021,Bangkalan,Rp. 11.750
05/03/2021,Bangkalan,Rp. 11.750
06/03/2021,Bangkalan,Rp. 11.750
07/03/2021,Bangkalan,Rp. 11.750
08/03/2021,Bangkalan,Rp. 11.750
09/03/2021,Bangkalan,Rp. 11.750
10/03/2021,Bangkalan,Rp. 11.750
11/03/2021,Bangkalan,Rp. 11.750
12/03/2021,Bangkalan,Rp. 11.750
13/03/2021,Bangkalan,Rp. 11.750
14/03/2021,Bangkalan,Rp. 11.750
15/03/2021,Bangkalan,Rp. 11.750
16/03/2021,Bangkalan,Rp. 11.750
17/03/2021,Bangkalan,Rp. 11.750
18/03/2021,Bangkalan,Rp. 11.750
19/03/2021,Bangkalan,Rp. 11.750
20/03/2021,Bangkalan,Rp. 11.750
21/03/2021,Bangkalan,Rp. 11.750
22/03/2021,Bangkalan,Rp. 11.750
23/03/2021,Bangkalan,Rp. 11.750
24/03/2021,Bangkalan,Rp. 11.750
25/03/2021,Bangkalan,Rp. 11.750
26/03/2021,Bangkalan,Rp. 11.750
27/03/2021,Bangkalan,Rp. 11.750
28/03/2021,Bangkalan,Rp. 11.750
29/03/2021,Bangkalan,Rp. 11.750
30/03/2021,Bangkalan,Rp. 11.750
31/03/2021,Bangkalan,Rp. 11.750
01/04/2021,Bangkalan,Rp. 11.750
02/04/2021,Bangkalan,Rp. 11.750
03/04/2021,Bangkalan,Rp. 11.750
04/04/2021,Bangkalan,Rp. 11.750
05/04/2021,Bangkalan,Rp. 11.750
06/04/2021,Bangkalan,Rp. 11.750
07/04/2021,Bangkalan,Rp. 11.750
08/04/2021,Bangkalan,Rp. 11.750
09/04/2021,Bangkalan,Rp. 11.750
10/04/2021,Bangkalan,Rp. 11.750
11/04/2021,Bangkalan,Rp. 11.750
12/04/2021,Bangkalan,Rp. 11.750
13/04/2021,Bangkalan,Rp. 11.750
14/04/2021,Bangkalan,Rp. 11.750
15/04/2021,Bangkalan,Rp. 11.750
16/04/2021,Bangkalan,Rp. 11.750
17/04/2021,Bangkalan,Rp. 11.750
18/04/2021,Bangkalan,Rp. 11.750
19/04/2021,Bangkalan,Rp. 11.750
20/04/2021,Bangkalan,Rp. 11.750
21/04/2021,Bangkalan,Rp. 11.800
22/04/2021,Bangkalan,Rp. 11.800
23/04/2021,Bangkalan,Rp. 11.800
24/04/2021,Bangkalan,Rp. 11.800
25/04/2021,Bangkalan,Rp. 11.800
26/04/2021,Bangkalan,Rp. 11.800
27/04/2021,Bangkalan,Rp. 11.800
28/04/2021,Bangkalan,Rp. 11.800
29/04/2021,Bangkalan,Rp. 11.800
30/04/2021,Bangkalan,Rp. 11.800
01/05/2021,Bangkalan,Rp. 11.800
02/05/2021,Bangkalan,Rp. 11.800
03/05/2021,Bangkalan,Rp. 11.800
04/05/2021,Bangkalan,Rp. 11.800
05/05/2021,Bangkalan,Rp. 11.800
06/05/2021,Bangkalan,Rp. 11.800
07/05/2021,Bangkalan,Rp. 11.800
08/05/2021,Bangkalan,Rp. 11.800
09/05/2021,Bangkalan,Rp. 11.800
10/05/2021,Bangkalan,Rp. 11.800
11/05/2021,Bangkalan,Rp. 11.800
12/05/2021,Bangkalan,Rp. 11.800
13/05/2021,Bangkalan,Rp. 11.800
14/05/2021,Bangkalan,Rp. 11.800
15/05/2021,Bangkalan,Rp. 11.800
16/05/2021,Bangkalan,Rp. 11.800
17/05/2021,Bangkalan,Rp. 11.800
18/05/2021,Bangkalan,Rp. 11.800
19/05/2021,Bangkalan,Rp. 11.850
20/05/2021,Bangkalan,Rp. 11.850
21/05/2021,Bangkalan,Rp. 11.850
22/05/2021,Bangkalan,Rp. 11.850
23/05/2021,Bangkalan,Rp. 11.850
24/05/2021,Bangkalan,Rp. 11.850
25/05/2021,Bangkalan,Rp. 11.850
26/05/2021,Bangkalan,Rp. 11.850
27/05/2021,Bangkalan,Rp. 11.850
28/05/2021,Bangkalan,Rp. 11.850
29/05/2021,Bangkalan,Rp. 11.850
30/05/2021,Bangkalan,Rp. 11.850
31/05/2021,Bangkalan,Rp. 11.850
01/06/2021,Bangkalan,Rp. 11.850
02/06/2021,Bangkalan,Rp. 11.850
03/06/2021,Bangkalan,Rp. 11.850
04/06/2021,Bangkalan,Rp. 11.850
05/06/2021,Bangkalan,Rp. 11.850
06/06/2021,Bangkalan,Rp. 11.850
07/06/2021,Bangkalan,Rp. 11.850
08/06/2021,Bangkalan,Rp. 11.850
09/06/2021,Bangkalan,Rp. 11.800
10/06/2021,Bangkalan,Rp. 11.800
11/06/2021,Bangkalan,Rp. 11.800
12/06/2021,Bangkalan,Rp. 11.800
13/06/2021,Bangkalan,Rp. 11.800
14/06/2021,Bangkalan,Rp. 11.800
15/06/2021,Bangkalan,Rp. 11.800
16/06/2021,Bangkalan,Rp. 11.800
17/06/2021,Bangkalan,Rp. 11.800
18/06/2021,Bangkalan,Rp. 11.800
19/06/2021,Bangkalan,Rp. 11.800
20/06/2021,Bangkalan,Rp. 11.800
21/06/2021,Bangkalan,Rp. 11.800
22/06/2021,Bangkalan,Rp. 11.800
23/06/2021,Bangkalan,Rp. 11.800
24/06/2021,Bangkalan,Rp. 11.800
25/06/2021,Bangkalan,Rp. 11.800
26/06/2021,Bangkalan,Rp. 11.800
27/06/2021,Bangkalan,Rp. 11.800
28/06/2021,Bangkalan,Rp. 11.800
29/06/2021,Bangkalan,Rp. 11.800
30/06/2021,Bangkalan,Rp. 11.800
01/07/2021,Bangkalan,Rp. 11.800
02/07/2021,Bangkalan,Rp. 11.800
03/07/2021,Bangkalan,Rp. 11.800
04/07/2021,Bangkalan,Rp. 11.800
05/07/2021,Bangkalan,Rp. 11.800
06/07/2021,Bangkalan,Rp. 11.800
07/07/2021,Bangkalan,Rp. 11.750
08/07/2021,Bangkalan,Rp. 11.750
09/07/2021,Bangkalan,Rp. 11.750
10/07/2021,Bangkalan,Rp. 11.750
11/07/2021,Bangkalan,Rp. 11.750
12/07/2021,Bangkalan,Rp. 11.750
13/07/2021,Bangkalan,Rp. 11.750
14/07/2021,Bangkalan,Rp. 11.750
15/07/2021,Bangkalan,Rp. 11.750
16/07/2021,Bangkalan,Rp. 11.750
17/07/2021,Bangkalan,Rp. 11.750
18/07/2021,Bangkalan,Rp. 11.750
19/07/2021,Bangkalan,Rp. 11.750
20/07/2021,Bangkalan,Rp. 11.750
21/07/2021,Bangkalan,Rp. 11.750
22/07/2021,Bangkalan,Rp. 11.750
23/07/2021,Bangkalan,Rp. 11.750
24/07/2021,Bangkalan,Rp. 11.750
25/07/2021,Bangkalan,Rp. 11.750
26/07/2021,Bangkalan,Rp. 11.750
27/07/2021,Bangkalan,Rp. 11.750
28/07/2021,Bangkalan,Rp. 11.750
29/07/2021,Bangkalan,Rp. 11.750
30/07/2021,Bangkalan,Rp. 11.750
31/07/2021,Bangkalan,Rp. 11.750
01/08/2021,Bangkalan,Rp. 11.750
02/08/2021,Bangkalan,Rp. 11.750
03/08/2021,Bangkalan,Rp. 11.750
04/08/2021,Bangkalan,Rp. 11.750
05/08/2021,Bangkalan,Rp. 11.750
06/08/2021,Bangkalan,Rp. 11.750
07/08/2021,Bangkalan,Rp. 11.750
08/08/2021,Bangkalan,Rp. 11.750
09/08/2021,Bangkalan,Rp. 11.750
10/08/2021,Bangkalan,Rp. 11.750
11/08/2021,Bangkalan,Rp. 11.750
12/08/2021,Bangkalan,Rp. 11.750
13/08/2021,Bangkalan,Rp. 11.750
14/08/2021,Bangkalan,Rp. 11.750
15/08/2021,Bangkalan,Rp. 11.750
16/08/2021,Bangkalan,Rp. 11.750
17/08/2021,Bangkalan,Rp. 11.750
18/08/2021,Bangkalan,Rp. 11.750
19/08/2021,Bangkalan,Rp. 11.750
20/08/2021,Bangkalan,Rp. 11.750
21/08/2021,Bangkalan,Rp. 11.750
22/08/2021,Bangkalan,Rp. 11.750
23/08/2021,Bangkalan,Rp. 11.750
24/08/2021,Bangkalan,Rp. 11.750
25/08/2021,Bangkalan,Rp. 11.750
26/08/2021,Bangkalan,Rp. 11.750
27/08/2021,Bangkalan,Rp. 11.750
28/08/2021,Bangkalan,Rp. 11.750
29/08/2021,Bangkalan,Rp. 11.750
30/08/2021,Bangkalan,Rp. 11.750
31/08/2021,Bangkalan,Rp. 11.750
01/09/2021,Bangkalan,Rp. 11.750
02/09/2021,Bangkalan,Rp. 11.750
03/09/2021,Bangkalan,Rp. 11.750
04/09/2021,Bangkalan,Rp. 11.750
05/09/2021,Bangkalan,Rp. 11.750
06/09/2021,Bangkalan,Rp. 11.750
07/09/2021,Bangkalan,Rp. 11.750
08/09/2021,Bangkalan,Rp. 11.750
09/09/2021,Bangkalan,Rp. 11.750
10/09/2021,Bangkalan,Rp. 11.750
11/09/2021,Bangkalan,Rp. 11.750
12/09/2021,Bangkalan,Rp. 11.750
13/09/2021,Bangkalan,Rp. 11.750
14/09/2021,Bangkalan,Rp. 11.750
15/09/2021,Bangkalan,Rp. 11.750
16/09/2021,Bangkalan,Rp. 11.750
17/09/2021,Bangkalan,Rp. 11.750
18/09/2021,Bangkalan,Rp. 11.750
19/09/2021,Bangkalan,Rp. 11.750
20/09/2021,Bangkalan,Rp. 11.750
21/09/2021,Bangkalan,Rp. 11.750
22/09/2021,Bangkalan,Rp. 11.750
23/09/2021,Bangkalan,Rp. 11.750
24/09/2021,Bangkalan,Rp. 11.750
25/09/2021,Bangkalan,Rp. 11.750
26/09/2021,Bangkalan,Rp. 11.750
27/09/2021,Bangkalan,Rp. 11.750
28/09/2021,Bangkalan,Rp. 11.750
29/09/2021,Bangkalan,Rp. 11.750
30/09/2021,Bangkalan,Rp. 11.750
01/10/2021,Bangkalan,Rp. 11.750
02/10/2021,Bangkalan,Rp. 11.750
03/10/2021,Bangkalan,Rp. 11.750
04/10/2021,Bangkalan,Rp. 11.750
05/10/2021,Bangkalan,Rp. 11.750
06/10/2021,Bangkalan,Rp. 11.750
07/10/2021,Bangkalan,Rp. 11.750
08/10/2021,Bangkalan,Rp. 11.750
09/10/2021,Bangkalan,Rp. 11.750
10/10/2021,Bangkalan,Rp. 11.750
11/10/2021,Bangkalan,Rp. 11.750
12/10/2021,Bangkalan,Rp. 11.750
13/10/2021,Bangkalan,Rp. 11.700
14/10/2021,Bangkalan,Rp. 11.700
15/10/2021,Bangkalan,Rp. 11.700
16/10/2021,Bangkalan,Rp. 11.700
17/10/2021,Bangkalan,Rp. 11.700
18/10/2021,Bangkalan,Rp. 11.700
19/10/2021,Bangkalan,Rp. 11.750
20/10/2021,Bangkalan,Rp. 11.750
21/10/2021,Bangkalan,Rp. 11.750
22/10/2021,Bangkalan,Rp. 11.750
23/10/2021,Bangkalan,Rp. 11.750
24/10/2021,Bangkalan,Rp. 11.750
25/10/2021,Bangkalan,Rp. 11.750
26/10/2021,Bangkalan,Rp. 11.750
27/10/2021,Bangkalan,Rp. 11.750
28/10/2021,Bangkalan,Rp. 11.750
29/10/2021,Bangkalan,Rp. 11.750
30/10/2021,Bangkalan,Rp. 11.750
31/10/2021,Bangkalan,Rp. 11.750
01/11/2021,Bangkalan,Rp. 11.750
02/11/2021,Bangkalan,Rp. 11.750
03/11/2021,Bangkalan,Rp. 11.750
04/11/2021,Bangkalan,Rp. 11.750
05/11/2021,Bangkalan,Rp. 11.750
06/11/2021,Bangkalan,Rp. 11.750
07/11/2021,Bangkalan,Rp. 11.750
08/11/2021,Bangkalan,Rp. 11.750
09/11/2021,Bangkalan,Rp. 11.750
10/11/2021,Bangkalan,Rp. 11.700
11/11/2021,Bangkalan,Rp. 11.700
12/11/2021,Bangkalan,Rp. 11.700
13/11/2021,Bangkalan,Rp. 11.700
14/11/2021,Bangkalan,Rp. 11.700
15/11/2021,Bangkalan,Rp. 11.700
16/11/2021,Bangkalan,Rp. 11.700
17/11/2021,Bangkalan,Rp. 11.750
18/11/2021,Bangkalan,Rp. 11.750
19/11/2021,Bangkalan,Rp. 11.750
20/11/2021,Bangkalan,Rp. 11.750
21/11/2021,Bangkalan,Rp. 11.750
22/11/2021,Bangkalan,Rp. 11.750
23/11/2021,Bangkalan,Rp. 11.750
24/11/2021,Bangkalan,Rp. 11.750
25/11/2021,Bangkalan,Rp. 11.750
26/11/2021,Bangkalan,Rp. 11.750
27/11/2021,Bangkalan,Rp. 11.750
28/11/2021,Bangkalan,Rp. 11.750
29/11/2021,Bangkalan,Rp. 11.750
30/11/2021,Bangkalan,Rp. 11.750
01/12/2021,Bangkalan,Rp. 11.700
02/12/2021,Bangkalan,Rp. 11.700
03/12/2021,Bangkalan,Rp. 11.700
04/12/2021,Bangkalan,Rp. 11.700
05/12/2021,Bangkalan,Rp. 11.700
06/12/2021,Bangkalan,Rp. 11.700
07/12/2021,Bangkalan,Rp. 11.700
08/12/2021,Bangkalan,Rp. 11.750
09/12/2021,Bangkalan,Rp. 11.750
10/12/2021,Bangkalan,Rp. 11.750
11/12/2021,Bangkalan,Rp. 11.750
12/12/2021,Bangkalan,Rp. 11.750
13/12/2021,Bangkalan,Rp. 11.750
14/12/2021,Bangkalan,Rp. 11.750
15/12/2021,Bangkalan,Rp. 11.700
16/12/2021,Bangkalan,Rp. 11.700
17/12/2021,Bangkalan,Rp. 11.700
18/12/2021,Bangkalan,Rp. 11.700
19/12/2021,Bangkalan,Rp. 11.700
20/12/2021,Bangkalan,Rp. 11.700
21/12/2021,Bangkalan,Rp. 11.700
22/12/2021,Bangkalan,Rp. 11.650
23/12/2021,Bangkalan,Rp. 11.650
24/12/2021,Bangkalan,Rp. 11.650
25/12/2021,Bangkalan,Rp. 11.650
26/12/2021,Bangkalan,Rp. 11.650
27/12/2021,Bangkalan,Rp. 11.650
28/12/2021,Bangkalan,Rp. 11.650
29/12/2021,Bangkalan,Rp. 11.800
30/12/2021,Bangkalan,Rp. 11.800
31/12/2021,Bangkalan,Rp. 11.800
01/01/2022,Bangkalan,Rp. 11.800
02/01/2022,Bangkalan,Rp. 11.800
03/01/2022,Bangkalan,Rp. 11.800
04/01/2022,Bangkalan,Rp. 11.800
05/01/2022,Bangkalan,Rp. 11.800
06/01/2022,Bangkalan,Rp. 11.800
07/01/2022,Bangkalan,Rp. 11.800
08/01/2022,Bangkalan,Rp. 11.800
09/01/2022,Bangkalan,Rp. 11.800
10/01/2022,Bangkalan,Rp. 11.800
11/01/2022,Bangkalan,Rp. 11.800
12/01/2022,Bangkalan,Rp. 11.800
13/01/2022,Bangkalan,Rp. 11.800
14/01/2022,Bangkalan,Rp. 11.800
15/01/2022,Bangkalan,Rp. 11.800
16/01/2022,Bangkalan,Rp. 11.800
17/01/2022,Bangkalan,Rp. 11.800
18/01/2022,Bangkalan,Rp. 11.800
19/01/2022,Bangkalan,Rp. 11.800
20/01/2022,Bangkalan,Rp. 11.800
21/01/2022,Bangkalan,Rp. 11.800
22/01/2022,Bangkalan,Rp. 11.800
23/01/2022,Bangkalan,Rp. 11.800
24/01/2022,Bangkalan,Rp. 11.800
25/01/2022,Bangkalan,Rp. 11.800
26/01/2022,Bangkalan,Rp. 11.850
27/01/2022,Bangkalan,Rp. 11.850
28/01/2022,Bangkalan,Rp. 11.850
29/01/2022,Bangkalan,Rp. 11.850
30/01/2022,Bangkalan,Rp. 11.850
31/01/2022,Bangkalan,Rp. 11.850
01/02/2022,Bangkalan,Rp. 11.850
02/02/2022,Bangkalan,Rp. 11.850
03/02/2022,Bangkalan,Rp. 11.850
04/02/2022,Bangkalan,Rp. 11.850
05/02/2022,Bangkalan,Rp. 11.850
06/02/2022,Bangkalan,Rp. 11.850
07/02/2022,Bangkalan,Rp. 11.850
08/02/2022,Bangkalan,Rp. 11.850
09/02/2022,Bangkalan,Rp. 11.800
10/02/2022,Bangkalan,Rp. 11.800
11/02/2022,Bangkalan,Rp. 11.800
12/02/2022,Bangkalan,Rp. 11.800
13/02/2022,Bangkalan,Rp. 11.800
14/02/2022,Bangkalan,Rp. 11.800
15/02/2022,Bangkalan,Rp. 11.800
16/02/2022,Bangkalan,Rp. 11.800
17/02/2022,Bangkalan,Rp. 11.800
18/02/2022,Bangkalan,Rp. 11.800
19/02/2022,Bangkalan,Rp. 11.800
20/02/2022,Bangkalan,Rp. 11.800
21/02/2022,Bangkalan,Rp. 11.800
22/02/2022,Bangkalan,Rp. 11.800
23/02/2022,Bangkalan,Rp. 11.800
24/02/2022,Bangkalan,Rp. 11.800
25/02/2022,Bangkalan,Rp. 11.800
26/02/2022,Bangkalan,Rp. 11.800
27/02/2022,Bangkalan,Rp. 11.800
28/02/2022,Bangkalan,Rp. 11.800
01/03/2022,Bangkalan,Rp. 11.800
02/03/2022,Bangkalan,Rp. 11.800
03/03/2022,Bangkalan,Rp. 11.800
04/03/2022,Bangkalan,Rp. 11.800
05/03/2022,Bangkalan,Rp. 11.800
06/03/2022,Bangkalan,Rp. 11.800
07/03/2022,Bangkalan,Rp. 11.800
08/03/2022,Bangkalan,Rp. 11.800
09/03/2022,Bangkalan,Rp. 11.800
10/03/2022,Bangkalan,Rp. 11.800
11/03/2022,Bangkalan,Rp. 11.800
12/03/2022,Bangkalan,Rp. 11.800
13/03/2022,Bangkalan,Rp. 11.800
14/03/2022,Bangkalan,Rp. 11.800
15/03/2022,Bangkalan,Rp. 11.800
16/03/2022,Bangkalan,Rp. 11.800
17/03/2022,Bangkalan,Rp. 11.800
18/03/2022,Bangkalan,Rp. 11.800
19/03/2022,Bangkalan,Rp. 11.800
20/03/2022,Bangkalan,Rp. 11.800
21/03/2022,Bangkalan,Rp. 11.800
22/03/2022,Bangkalan,Rp. 11.800
23/03/2022,Bangkalan,Rp. 11.800
24/03/2022,Bangkalan,Rp. 11.800
25/03/2022,Bangkalan,Rp. 11.800
26/03/2022,Bangkalan,Rp. 11.800
27/03/2022,Bangkalan,Rp. 11.800
28/03/2022,Bangkalan,Rp. 11.800
29/03/2022,Bangkalan,Rp. 11.800
30/03/2022,Bangkalan,Rp. 11.800
31/03/2022,Bangkalan,Rp. 11.800
01/04/2022,Bangkalan,Rp. 11.800
02/04/2022,Bangkalan,Rp. 11.800
03/04/2022,Bangkalan,Rp. 11.800
04/04/2022,Bangkalan,Rp. 11.800
05/04/2022,Bangkalan,Rp. 11.800
06/04/2022,Bangkalan,Rp. 11.800
07/04/2022,Bangkalan,Rp. 11.800
08/04/2022,Bangkalan,Rp. 11.800
09/04/2022,Bangkalan,Rp. 11.800
10/04/2022,Bangkalan,Rp. 11.800
11/04/2022,Bangkalan,Rp. 11.800
12/04/2022,Bangkalan,Rp. 11.800
13/04/2022,Bangkalan,Rp. 11.800
14/04/2022,Bangkalan,Rp. 11.800
15/04/2022,Bangkalan,Rp. 11.800
16/04/2022,Bangkalan,Rp. 11.800
17/04/2022,Bangkalan,Rp. 11.800
18/04/2022,Bangkalan,Rp. 11.800
19/04/2022,Bangkalan,Rp. 11.800
20/04/2022,Bangkalan,Rp. 11.800
21/04/2022,Bangkalan,Rp. 11.800
22/04/2022,Bangkalan,Rp. 11.800
23/04/2022,Bangkalan,Rp. 11.800
24/04/2022,Bangkalan,Rp. 11.800
25/04/2022,Bangkalan,Rp. 11.800
26/04/2022,Bangkalan,Rp. 11.800
27/04/2022,Bangkalan,Rp. 11.800
28/04/2022,Bangkalan,Rp. 11.800
29/04/2022,Bangkalan,Rp. 11.800
30/04/2022,Bangkalan,Rp. 11.800
01/05/2022,Bangkalan,Rp. 11.800
02/05/2022,Bangkalan,Rp. 11.800
03/05/2022,Bangkalan,Rp. 11.800
04/05/2022,Bangkalan,Rp. 11.850
05/05/2022,Bangkalan,Rp. 11.750
06/05/2022,Bangkalan,Rp. 11.750
07/05/2022,Bangkalan,Rp. 11.750
08/05/2022,Bangkalan,Rp. 11.850
09/05/2022,Bangkalan,Rp. 11.850
10/05/2022,Bangkalan,Rp. 11.850
11/05/2022,Bangkalan,Rp. 11.800
12/05/2022,Bangkalan,Rp. 11.800
13/05/2022,Bangkalan,Rp. 11.800
14/05/2022,Bangkalan,Rp. 11.800
15/05/2022,Bangkalan,Rp. 11.800
16/05/2022,Bangkalan,Rp. 11.800
17/05/2022,Bangkalan,Rp. 11.800
18/05/2022,Bangkalan,Rp. 11.800
19/05/2022,Bangkalan,Rp. 11.800
20/05/2022,Bangkalan,Rp. 11.800
21/05/2022,Bangkalan,Rp. 11.800
22/05/2022,Bangkalan,Rp. 11.800
23/05/2022,Bangkalan,Rp. 11.800
24/05/2022,Bangkalan,Rp. 11.800
25/05/2022,Bangkalan,Rp. 11.800
26/05/2022,Bangkalan,Rp. 11.800
27/05/2022,Bangkalan,Rp. 11.800
28/05/2022,Bangkalan,Rp. 11.800
29/05/2022,Bangkalan,Rp. 11.800
30/05/2022,Bangkalan,Rp. 11.800
31/05/2022,Bangkalan,Rp. 11.800
01/06/2022,Bangkalan,Rp. 11.800
02/06/2022,Bangkalan,Rp. 11.800
03/06/2022,Bangkalan,Rp. 11.800
04/06/2022,Bangkalan,Rp. 11.800
05/06/2022,Bangkalan,Rp. 11.800
06/06/2022,Bangkalan,Rp. 11.800
07/06/2022,Bangkalan,Rp. 11.800
08/06/2022,Bangkalan,Rp. 11.850
09/06/2022,Bangkalan,Rp. 11.850
10/06/2022,Bangkalan,Rp. 11.850
11/06/2022,Bangkalan,Rp. 11.850
12/06/2022,Bangkalan,Rp. 11.850
13/06/2022,Bangkalan,Rp. 11.850
14/06/2022,Bangkalan,Rp. 11.850
15/06/2022,Bangkalan,Rp. 11.850
16/06/2022,Bangkalan,Rp. 11.850
17/06/2022,Bangkalan,Rp. 11.850
18/06/2022,Bangkalan,Rp. 11.850
19/06/2022,Bangkalan,Rp. 11.850
20/06/2022,Bangkalan,Rp. 11.850
21/06/2022,Bangkalan,Rp. 11.850
22/06/2022,Bangkalan,Rp. 11.800
23/06/2022,Bangkalan,Rp. 11.800
24/06/2022,Bangkalan,Rp. 11.800
25/06/2022,Bangkalan,Rp. 11.800
26/06/2022,Bangkalan,Rp. 11.800
27/06/2022,Bangkalan,Rp. 11.800
28/06/2022,Bangkalan,Rp. 11.800
29/06/2022,Bangkalan,Rp. 11.800
30/06/2022,Bangkalan,Rp. 11.800
01/07/2022,Bangkalan,Rp. 11.800
02/07/2022,Bangkalan,Rp. 11.800
03/07/2022,Bangkalan,Rp. 11.800
04/07/2022,Bangkalan,Rp. 11.800
05/07/2022,Bangkalan,Rp. 11.800
06/07/2022,Bangkalan,Rp. 11.800
07/07/2022,Bangkalan,Rp. 11.800
08/07/2022,Bangkalan,Rp. 11.800
09/07/2022,Bangkalan,Rp. 11.800
10/07/2022,Bangkalan,Rp. 11.800
11/07/2022,Bangkalan,Rp. 11.800
12/07/2022,Bangkalan,Rp. 11.800
13/07/2022,Bangkalan,Rp. 11.800
14/07/2022,Bangkalan,Rp. 11.800
15/07/2022,Bangkalan,Rp. 11.800
16/07/2022,Bangkalan,Rp. 11.800
17/07/2022,Bangkalan,Rp. 11.800
18/07/2022,Bangkalan,Rp. 11.800
19/07/2022,Bangkalan,Rp. 11.800
20/07/2022,Bangkalan,Rp. 11.800
21/07/2022,Bangkalan,Rp. 11.800
22/07/2022,Bangkalan,Rp. 11.800
23/07/2022,Bangkalan,Rp. 11.800
24/07/2022,Bangkalan,Rp. 11.800
25/07/2022,Bangkalan,Rp. 11.800
26/07/2022,Bangkalan,Rp. 11.800
27/07/2022,Bangkalan,Rp. 11.850
28/07/2022,Bangkalan,Rp. 11.850
29/07/2022,Bangkalan,Rp. 11.850
30/07/2022,Bangkalan,Rp. 11.850
31/07/2022,Bangkalan,Rp. 11.850
01/08/2022,Bangkalan,Rp. 11.850
02/08/2022,Bangkalan,Rp. 11.850
03/08/2022,Bangkalan,Rp. 11.850
04/08/2022,Bangkalan,Rp. 11.850
05/08/2022,Bangkalan,Rp. 11.850
06/08/2022,Bangkalan,Rp. 11.850
07/08/2022,Bangkalan,Rp. 11.850
08/08/2022,Bangkalan,Rp. 11.850
09/08/2022,Bangkalan,Rp. 11.850
10/08/2022,Bangkalan,Rp. 11.850
11/08/2022,Bangkalan,Rp. 11.850
12/08/2022,Bangkalan,Rp. 11.850
13/08/2022,Bangkalan,Rp. 11.850
14/08/2022,Bangkalan,Rp. 11.850
15/08/2022,Bangkalan,Rp. 11.850
16/08/2022,Bangkalan,Rp. 11.850
17/08/2022,Bangkalan,Rp. 11.850
18/08/2022,Bangkalan,Rp. 11.850
19/08/2022,Bangkalan,Rp. 11.850
20/08/2022,Bangkalan,Rp. 11.850
21/08/2022,Bangkalan,Rp. 11.850
22/08/2022,Bangkalan,Rp. 11.850
23/08/2022,Bangkalan,Rp. 11.850
24/08/2022,Bangkalan,Rp. 11.900
25/08/2022,Bangkalan,Rp. 11.900
26/08/2022,Bangkalan,Rp. 11.900
27/08/2022,Bangkalan,Rp. 11.900
28/08/2022,Bangkalan,Rp. 11.900
29/08/2022,Bangkalan,Rp. 11.900
30/08/2022,Bangkalan,Rp. 11.900
31/08/2022,Bangkalan,Rp. 11.900
01/09/2022,Bangkalan,Rp. 11.900
02/09/2022,Bangkalan,Rp. 11.900
03/09/2022,Bangkalan,Rp. 11.900
04/09/2022,Bangkalan,Rp. 11.900
05/09/2022,Bangkalan,Rp. 11.900
06/09/2022,Bangkalan,Rp. 11.900
07/09/2022,Bangkalan,Rp. 11.900
08/09/2022,Bangkalan,Rp. 11.900
09/09/2022,Bangkalan,Rp. 11.900
10/09/2022,Bangkalan,Rp. 11.900
11/09/2022,Bangkalan,Rp. 11.900
12/09/2022,Bangkalan,Rp. 11.900
13/09/2022,Bangkalan,Rp. 11.900
14/09/2022,Bangkalan,Rp. 12.000
15/09/2022,Bangkalan,Rp. 12.000
16/09/2022,Bangkalan,Rp. 12.000
17/09/2022,Bangkalan,Rp. 12.000
18/09/2022,Bangkalan,Rp. 12.000
19/09/2022,Bangkalan,Rp. 12.000
20/09/2022,Bangkalan,Rp. 12.000
21/09/2022,Bangkalan,Rp. 12.000
22/09/2022,Bangkalan,Rp. 12.000
23/09/2022,Bangkalan,Rp. 12.000
24/09/2022,Bangkalan,Rp. 12.000
25/09/2022,Bangkalan,Rp. 12.000
26/09/2022,Bangkalan,Rp. 12.000
27/09/2022,Bangkalan,Rp. 12.000
28/09/2022,Bangkalan,Rp. 12.000
29/09/2022,Bangkalan,Rp. 12.000
30/09/2022,Bangkalan,Rp. 12.000
01/10/2022,Bangkalan,Rp. 12.000
02/10/2022,Bangkalan,Rp. 12.000
03/10/2022,Bangkalan,Rp. 12.000
04/10/2022,Bangkalan,Rp. 12.000
05/10/2022,Bangkalan,Rp. 12.050
06/10/2022,Bangkalan,Rp. 12.050
07/10/2022,Bangkalan,Rp. 12.050
08/10/2022,Bangkalan,Rp. 12.050
09/10/2022,Bangkalan,Rp. 12.050
10/10/2022,Bangkalan,Rp. 12.050
11/10/2022,Bangkalan,Rp. 12.050
12/10/2022,Bangkalan,Rp. 12.050
13/10/2022,Bangkalan,Rp. 12.050
14/10/2022,Bangkalan,Rp. 12.050
15/10/2022,Bangkalan,Rp. 12.050
16/10/2022,Bangkalan,Rp. 12.050
17/10/2022,Bangkalan,Rp. 12.050
18/10/2022,Bangkalan,Rp. 12.050
19/10/2022,Bangkalan,Rp. 12.050
20/10/2022,Bangkalan,Rp. 12.050
21/10/2022,Bangkalan,Rp. 12.050
22/10/2022,Bangkalan,Rp. 12.050
23/10/2022,Bangkalan,Rp. 12.050
24/10/2022,Bangkalan,Rp. 12.050
25/10/2022,Bangkalan,Rp. 12.050
26/10/2022,Bangkalan,Rp. 12.050
27/10/2022,Bangkalan,Rp. 12.050
28/10/2022,Bangkalan,Rp. 12.050
29/10/2022,Bangkalan,Rp. 12.050
30/10/2022,Bangkalan,Rp. 12.050
31/10/2022,Bangkalan,Rp. 12.050
01/11/2022,Bangkalan,Rp. 12.050
02/11/2022,Bangkalan,Rp. 12.050
03/11/2022,Bangkalan,Rp. 12.050
04/11/2022,Bangkalan,Rp. 12.050
05/11/2022,Bangkalan,Rp. 12.050
06/11/2022,Bangkalan,Rp. 12.050
07/11/2022,Bangkalan,Rp. 12.050
08/11/2022,Bangkalan,Rp. 12.050
09/11/2022,Bangkalan,Rp. 12.050
10/11/2022,Bangkalan,Rp. 12.050
11/11/2022,Bangkalan,Rp. 12.050
12/11/2022,Bangkalan,Rp. 12.050
13/11/2022,Bangkalan,Rp. 12.050
14/11/2022,Bangkalan,Rp. 12.050
15/11/2022,Bangkalan,Rp. 12.050
16/11/2022,Bangkalan,Rp. 12.100
17/11/2022,Bangkalan,Rp. 12.100
18/11/2022,Bangkalan,Rp. 12.100
19/11/2022,Bangkalan,Rp. 12.100
20/11/2022,Bangkalan,Rp. 12.100
21/11/2022,Bangkalan,Rp. 12.100
22/11/2022,Bangkalan,Rp. 12.100
23/11/2022,Bangkalan,Rp. 12.100
24/11/2022,Bangkalan,Rp. 12.100
25/11/2022,Bangkalan,Rp. 12.100
26/11/2022,Bangkalan,Rp. 12.100
27/11/2022,Bangkalan,Rp. 12.100
28/11/2022,Bangkalan,Rp. 12.100
29/11/2022,Bangkalan,Rp. 12.100
30/11/2022,Bangkalan,Rp. 12.100
01/12/2022,Bangkalan,Rp. 12.100
02/12/2022,Bangkalan,Rp. 12.100
03/12/2022,Bangkalan,Rp. 12.100
04/12/2022,Bangkalan,Rp. 12.100
05/12/2022,Bangkalan,Rp. 12.100
06/12/2022,Bangkalan,Rp. 12.100
07/12/2022,Bangkalan,Rp. 12.150
08/12/2022,Bangkalan,Rp. 12.150
09/12/2022,Bangkalan,Rp. 12.150
10/12/2022,Bangkalan,Rp. 12.150
11/12/2022,Bangkalan,Rp. 12.150
12/12/2022,Bangkalan,Rp. 12.150
13/12/2022,Bangkalan,Rp. 12.150
14/12/2022,Bangkalan,Rp. 12.100
15/12/2022,Bangkalan,Rp. 12.100
16/12/2022,Bangkalan,Rp. 12.100
17/12/2022,Bangkalan,Rp. 12.100
18/12/2022,Bangkalan,Rp. 12.100
19/12/2022,Bangkalan,Rp. 12.100
20/12/2022,Bangkalan,Rp. 12.100
21/12/2022,Bangkalan,Rp. 12.150
22/12/2022,Bangkalan,Rp. 12.150
23/12/2022,Bangkalan,Rp. 12.150
24/12/2022,Bangkalan,Rp. 12.150
25/12/2022,Bangkalan,Rp. 12.150
26/12/2022,Bangkalan,Rp. 12.150
27/12/2022,Bangkalan,Rp. 12.150
28/12/2022,Bangkalan,Rp. 12.150
29/12/2022,Bangkalan,Rp. 12.150
30/12/2022,Bangkalan,Rp. 12.150
31/12/2022,Bangkalan,Rp. 12.150
01/01/2023,Bangkalan,Rp. 12.150
02/01/2023,Bangkalan,Rp. 12.150
03/01/2023,Bangkalan,Rp. 12.150
04/01/2023,Bangkalan,Rp. 12.150
05/01/2023,Bangkalan,Rp. 12.150
06/01/2023,Bangkalan,Rp. 12.150
07/01/2023,Bangkalan,Rp. 12.150
08/01/2023,Bangkalan,Rp. 12.150
09/01/2023,Bangkalan,Rp. 12.150
10/01/2023,Bangkalan,Rp. 12.150
11/01/2023,Bangkalan,Rp. 12.150
12/01/2023,Bangkalan,Rp. 12.150
13/01/2023,Bangkalan,Rp. 12.150
14/01/2023,Bangkalan,Rp. 12.150
15/01/2023,Bangkalan,Rp. 12.150
16/01/2023,Bangkalan,Rp. 12.150
17/01/2023,Bangkalan,Rp. 12.150
18/01/2023,Bangkalan,Rp. 12.200
19/01/2023,Bangkalan,Rp. 12.200
20/01/2023,Bangkalan,Rp. 12.200
21/01/2023,Bangkalan,Rp. 12.200
22/01/2023,Bangkalan,Rp. 12.200
23/01/2023,Bangkalan,Rp. 12.200
24/01/2023,Bangkalan,Rp. 12.200
25/01/2023,Bangkalan,Rp. 12.200
26/01/2023,Bangkalan,Rp. 12.200
27/01/2023,Bangkalan,Rp. 12.200
28/01/2023,Bangkalan,Rp. 12.200
29/01/2023,Bangkalan,Rp. 12.200
30/01/2023,Bangkalan,Rp. 12.200
31/01/2023,Bangkalan,Rp. 12.200
01/02/2023,Bangkalan,Rp. 12.250
02/02/2023,Bangkalan,Rp. 12.250
03/02/2023,Bangkalan,Rp. 12.250
04/02/2023,Bangkalan,Rp. 12.250
05/02/2023,Bangkalan,Rp. 12.250
06/02/2023,Bangkalan,Rp. 12.250
07/02/2023,Bangkalan,Rp. 12.250
08/02/2023,Bangkalan,Rp. 12.250
09/02/2023,Bangkalan,Rp. 12.250
10/02/2023,Bangkalan,Rp. 12.250
11/02/2023,Bangkalan,Rp. 12.250
12/02/2023,Bangkalan,Rp. 12.250
13/02/2023,Bangkalan,Rp. 12.250
14/02/2023,Bangkalan,Rp. 12.250
15/02/2023,Bangkalan,Rp. 12.300
16/02/2023,Bangkalan,Rp. 12.300
17/02/2023,Bangkalan,Rp. 12.300
18/02/2023,Bangkalan,Rp. 12.300
19/02/2023,Bangkalan,Rp. 12.300
20/02/2023,Bangkalan,Rp. 12.300
21/02/2023,Bangkalan,Rp. 12.300
22/02/2023,Bangkalan,Rp. 12.300
23/02/2023,Bangkalan,Rp. 12.300
24/02/2023,Bangkalan,Rp. 12.300
25/02/2023,Bangkalan,Rp. 12.300
26/02/2023,Bangkalan,Rp. 12.300
27/02/2023,Bangkalan,Rp. 12.300
28/02/2023,Bangkalan,Rp. 12.300
01/03/2023,Bangkalan,Rp. 12.250
02/03/2023,Bangkalan,Rp. 12.250
03/03/2023,Bangkalan,Rp. 12.250
04/03/2023,Bangkalan,Rp. 12.250
05/03/2023,Bangkalan,Rp. 12.250
06/03/2023,Bangkalan,Rp. 12.250
07/03/2023,Bangkalan,Rp. 12.250
08/03/2023,Bangkalan,Rp. 12.200
09/03/2023,Bangkalan,Rp. 12.200
10/03/2023,Bangkalan,Rp. 12.200
11/03/2023,Bangkalan,Rp. 12.200
12/03/2023,Bangkalan,Rp. 12.200
13/03/2023,Bangkalan,Rp. 12.200
14/03/2023,Bangkalan,Rp. 12.200
15/03/2023,Bangkalan,Rp. 12.250
16/03/2023,Bangkalan,Rp. 12.250
17/03/2023,Bangkalan,Rp. 12.250
18/03/2023,Bangkalan,Rp. 12.250
19/03/2023,Bangkalan,Rp. 12.250
20/03/2023,Bangkalan,Rp. 12.250
21/03/2023,Bangkalan,Rp. 12.250
22/03/2023,Bangkalan,Rp. 12.250
23/03/2023,Bangkalan,Rp. 12.250
24/03/2023,Bangkalan,Rp. 12.250
25/03/2023,Bangkalan,Rp. 12.250
26/03/2023,Bangkalan,Rp. 12.250
27/03/2023,Bangkalan,Rp. 12.250
28/03/2023,Bangkalan,Rp. 12.250
29/03/2023,Bangkalan,Rp. 12.300
30/03/2023,Bangkalan,Rp. 12.300
31/03/2023,Bangkalan,Rp. 12.300
01/04/2023,Bangkalan,Rp. 12.300
02/04/2023,Bangkalan,Rp. 12.300
03/04/2023,Bangkalan,Rp. 12.300
04/04/2023,Bangkalan,Rp. 12.300
05/04/2023,Bangkalan,Rp. 12.350
06/04/2023,Bangkalan,Rp. 12.350
07/04/2023,Bangkalan,Rp. 12.350
08/04/2023,Bangkalan,Rp. 12.350
09/04/2023,Bangkalan,Rp. 12.350
10/04/2023,Bangkalan,Rp. 12.350
11/04/2023,Bangkalan,Rp. 12.400
12/04/2023,Bangkalan,Rp. 12.450
13/04/2023,Bangkalan,Rp. 12.450
14/04/2023,Bangkalan,Rp. 12.450
15/04/2023,Bangkalan,Rp. 12.450
16/04/2023,Bangkalan,Rp. 12.450
17/04/2023,Bangkalan,Rp. 12.450
18/04/2023,Bangkalan,Rp. 12.500
19/04/2023,Bangkalan,Rp. 12.600
20/04/2023,Bangkalan,Rp. 12.600
21/04/2023,Bangkalan,Rp. 12.600
22/04/2023,Bangkalan,Rp. 12.600
23/04/2023,Bangkalan,Rp. 12.600
24/04/2023,Bangkalan,Rp. 12.600
25/04/2023,Bangkalan,Rp. 12.600
26/04/2023,Bangkalan,Rp. 12.600
27/04/2023,Bangkalan,Rp. 12.600
28/04/2023,Bangkalan,Rp. 12.600
29/04/2023,Bangkalan,Rp. 12.600
30/04/2023,Bangkalan,Rp. 12.600
01/05/2023,Bangkalan,Rp. 12.600
02/05/2023,Bangkalan,Rp. 12.600
03/05/2023,Bangkalan,Rp. 12.800
04/05/2023,Bangkalan,Rp. 12.800
05/05/2023,Bangkalan,Rp. 12.800
06/05/2023,Bangkalan,Rp. 12.800
07/05/2023,Bangkalan,Rp. 12.800
08/05/2023,Bangkalan,Rp. 12.800
09/05/2023,Bangkalan,Rp. 12.850
10/05/2023,Bangkalan,Rp. 12.850
11/05/2023,Bangkalan,Rp. 12.850
12/05/2023,Bangkalan,Rp. 12.850
13/05/2023,Bangkalan,Rp. 12.850
14/05/2023,Bangkalan,Rp. 12.850
15/05/2023,Bangkalan,Rp. 12.850
16/05/2023,Bangkalan,Rp. 12.850
17/05/2023,Bangkalan,Rp. 12.900
18/05/2023,Bangkalan,Rp. 12.900
19/05/2023,Bangkalan,Rp. 12.900
20/05/2023,Bangkalan,Rp. 12.900
21/05/2023,Bangkalan,Rp. 12.900
22/05/2023,Bangkalan,Rp. 12.900
23/05/2023,Bangkalan,Rp. 12.900
24/05/2023,Bangkalan,Rp. 12.900
25/05/2023,Bangkalan,Rp. 12.900
26/05/2023,Bangkalan,Rp. 12.900
27/05/2023,Bangkalan,Rp. 12.900
28/05/2023,Bangkalan,Rp. 12.900
29/05/2023,Bangkalan,Rp. 12.900
30/05/2023,Bangkalan,Rp. 12.900
31/05/2023,Bangkalan,Rp. 12.900
01/06/2023,Bangkalan,Rp. 12.900
02/06/2023,Bangkalan,Rp. 12.900
03/06/2023,Bangkalan,Rp. 12.900
04/06/2023,Bangkalan,Rp. 12.900
05/06/2023,Bangkalan,Rp. 12.900
06/06/2023,Bangkalan,Rp. 12.900
07/06/2023,Bangkalan,Rp. 12.900
08/06/2023,Bangkalan,Rp. 12.900
09/06/2023,Bangkalan,Rp. 12.900
10/06/2023,Bangkalan,Rp. 12.900
11/06/2023,Bangkalan,Rp. 12.900
12/06/2023,Bangkalan,Rp. 12.900
13/06/2023,Bangkalan,Rp. 12.900
14/06/2023,Bangkalan,Rp. 12.900
15/06/2023,Bangkalan,Rp. 12.900
16/06/2023,Bangkalan,Rp. 12.900
17/06/2023,Bangkalan,Rp. 12.900
18/06/2023,Bangkalan,Rp. 12.900
19/06/2023,Bangkalan,Rp. 12.900
20/06/2023,Bangkalan,Rp. 12.900
21/06/2023,Bangkalan,Rp. 12.900
22/06/2023,Bangkalan,Rp. 12.900
23/06/2023,Bangkalan,Rp. 12.900
24/06/2023,Bangkalan,Rp. 12.900
25/06/2023,Bangkalan,Rp. 12.900
26/06/2023,Bangkalan,Rp. 12.900
27/06/2023,Bangkalan,Rp. 12.900
28/06/2023,Bangkalan,Rp. 12.900
29/06/2023,Bangkalan,Rp. 12.900
30/06/2023,Bangkalan,Rp. 12.900
01/07/2023,Bangkalan,Rp. 12.900
02/07/2023,Bangkalan,Rp. 12.900
03/07/2023,Bangkalan,Rp. 12.900
04/07/2023,Bangkalan,Rp. 12.900
05/07/2023,Bangkalan,Rp. 13.000
06/07/2023,Bangkalan,Rp. 13.000
07/07/2023,Bangkalan,Rp. 13.000
08/07/2023,Bangkalan,Rp. 13.000
09/07/2023,Bangkalan,Rp. 13.000
10/07/2023,Bangkalan,Rp. 13.000
11/07/2023,Bangkalan,Rp. 13.000
12/07/2023,Bangkalan,Rp. 13.000
13/07/2023,Bangkalan,Rp. 13.000
14/07/2023,Bangkalan,Rp. 13.000
15/07/2023,Bangkalan,Rp. 13.000
16/07/2023,Bangkalan,Rp. 13.000
17/07/2023,Bangkalan,Rp. 13.000
18/07/2023,Bangkalan,Rp. 13.000
19/07/2023,Bangkalan,Rp. 13.000
20/07/2023,Bangkalan,Rp. 13.000
21/07/2023,Bangkalan,Rp. 13.000
22/07/2023,Bangkalan,Rp. 13.000
23/07/2023,Bangkalan,Rp. 13.000
24/07/2023,Bangkalan,Rp. 13.000
25/07/2023,Bangkalan,Rp. 13.000
26/07/2023,Bangkalan,Rp. 13.000
27/07/2023,Bangkalan,Rp. 13.000
28/07/2023,Bangkalan,Rp. 13.000
29/07/2023,Bangkalan,Rp. 13.000
30/07/2023,Bangkalan,Rp. 13.000
31/07/2023,Bangkalan,Rp. 13.000
01/08/2023,Bangkalan,Rp. 13.000
02/08/2023,Bangkalan,Rp. 13.000
03/08/2023,Bangkalan,Rp. 13.000
04/08/2023,Bangkalan,Rp. 13.000
05/08/2023,Bangkalan,Rp. 13.000
06/08/2023,Bangkalan,Rp. 13.000
07/08/2023,Bangkalan,Rp. 13.000
08/08/2023,Bangkalan,Rp. 13.000
09/08/2023,Bangkalan,Rp. 13.000
10/08/2023,Bangkalan,Rp. 13.000
11/08/2023,Bangkalan,Rp. 13.000
12/08/2023,Bangkalan,Rp. 13.000
13/08/2023,Bangkalan,Rp. 13.000
14/08/2023,Bangkalan,Rp. 13.000
15/08/2023,Bangkalan,Rp. 13.000
16/08/2023,Bangkalan,Rp. 13.000
17/08/2023,Bangkalan,Rp. 13.000
18/08/2023,Bangkalan,Rp. 13.000
19/08/2023,Bangkalan,Rp. 13.000
20/08/2023,Bangkalan,Rp. 13.000
21/08/2023,Bangkalan,Rp. 13.000
22/08/2023,Bangkalan,Rp. 13.000
23/08/2023,Bangkalan,Rp. 12.900
24/08/2023,Bangkalan,Rp. 12.900
25/08/2023,Bangkalan,Rp. 12.900
26/08/2023,Bangkalan,Rp. 12.900
27/08/2023,Bangkalan,Rp. 12.900
28/08/2023,Bangkalan,Rp. 12.900
29/08/2023,Bangkalan,Rp. 12.900
30/08/2023,Bangkalan,Rp. 13.000
31/08/2023,Bangkalan,Rp. 13.000
01/09/2023,Bangkalan,Rp. 13.000
02/09/2023,Bangkalan,Rp. 13.000
03/09/2023,Bangkalan,Rp. 13.000
04/09/2023,Bangkalan,Rp. 13.000
05/09/2023,Bangkalan,Rp. 13.000
06/09/2023,Bangkalan,Rp. 13.100
07/09/2023,Bangkalan,Rp. 13.100
08/09/2023,Bangkalan,Rp. 13.100
09/09/2023,Bangkalan,Rp. 13.100
10/09/2023,Bangkalan,Rp. 13.100
11/09/2023,Bangkalan,Rp. 13.100
12/09/2023,Bangkalan,Rp. 13.100
13/09/2023,Bangkalan,Rp. 13.150
14/09/2023,Bangkalan,Rp. 13.150
15/09/2023,Bangkalan,Rp. 13.150
16/09/2023,Bangkalan,Rp. 13.150
17/09/2023,Bangkalan,Rp. 13.150
18/09/2023,Bangkalan,Rp. 13.150
19/09/2023,Bangkalan,Rp. 13.150
20/09/2023,Bangkalan,Rp. 13.150
21/09/2023,Bangkalan,Rp. 13.150
22/09/2023,Bangkalan,Rp. 13.150
23/09/2023,Bangkalan,Rp. 13.150
24/09/2023,Bangkalan,Rp. 13.150
25/09/2023,Bangkalan,Rp. 13.150
26/09/2023,Bangkalan,Rp. 13.200
27/09/2023,Bangkalan,Rp. 13.250
28/09/2023,Bangkalan,Rp. 13.250
29/09/2023,Bangkalan,Rp. 13.250
30/09/2023,Bangkalan,Rp. 13.250
01/10/2023,Bangkalan,Rp. 13.250
02/10/2023,Bangkalan,Rp. 13.250
03/10/2023,Bangkalan,Rp. 13.250
04/10/2023,Bangkalan,Rp. 13.350
05/10/2023,Bangkalan,Rp. 13.350
06/10/2023,Bangkalan,Rp. 13.350
07/10/2023,Bangkalan,Rp. 13.350
08/10/2023,Bangkalan,Rp. 13.350
09/10/2023,Bangkalan,Rp. 13.350
10/10/2023,Bangkalan,Rp. 13.350
11/10/2023,Bangkalan,Rp. 13.350
12/10/2023,Bangkalan,Rp. 13.350
13/10/2023,Bangkalan,Rp. 13.350
14/10/2023,Bangkalan,Rp. 13.350
15/10/2023,Bangkalan,Rp. 13.350
16/10/2023,Bangkalan,Rp. 13.350
17/10/2023,Bangkalan,Rp. 13.350
18/10/2023,Bangkalan,Rp. 13.400
19/10/2023,Bangkalan,Rp. 13.400
20/10/2023,Bangkalan,Rp. 13.400
21/10/2023,Bangkalan,Rp. 13.400
22/10/2023,Bangkalan,Rp. 13.400
23/10/2023,Bangkalan,Rp. 13.400
24/10/2023,Bangkalan,Rp. 13.400
25/10/2023,Bangkalan,Rp. 13.400
26/10/2023,Bangkalan,Rp. 13.400
27/10/2023,Bangkalan,Rp. 13.400
28/10/2023,Bangkalan,Rp. 13.400
29/10/2023,Bangkalan,Rp. 13.400
30/10/2023,Bangkalan,Rp. 13.400
31/10/2023,Bangkalan,Rp. 13.400
01/11/2023,Bangkalan,Rp. 13.400
02/11/2023,Bangkalan,Rp. 13.400
03/11/2023,Bangkalan,Rp. 13.400
04/11/2023,Bangkalan,Rp. 13.400
05/11/2023,Bangkalan,Rp. 13.400
06/11/2023,Bangkalan,Rp. 13.400
07/11/2023,Bangkalan,Rp. 13.400
08/11/2023,Bangkalan,Rp. 13.400
09/11/2023,Bangkalan,Rp. 13.400
10/11/2023,Bangkalan,Rp. 13.400
11/11/2023,Bangkalan,Rp. 13.400
12/11/2023,Bangkalan,Rp. 13.400
13/11/2023,Bangkalan,Rp. 13.400
14/11/2023,Bangkalan,Rp. 13.400
15/11/2023,Bangkalan,Rp. 13.450
16/11/2023,Bangkalan,Rp. 13.450
17/11/2023,Bangkalan,Rp. 13.450
18/11/2023,Bangkalan,Rp. 13.450
19/11/2023,Bangkalan,Rp. 13.450
20/11/2023,Bangkalan,Rp. 13.450
21/11/2023,Bangkalan,Rp. 13.450
22/11/2023,Bangkalan,Rp. 13.450
23/11/2023,Bangkalan,Rp. 13.450
24/11/2023,Bangkalan,Rp. 13.450
25/11/2023,Bangkalan,Rp. 13.450
26/11/2023,Bangkalan,Rp. 13.450
27/11/2023,Bangkalan,Rp. 13.450
28/11/2023,Bangkalan,Rp. 13.450
29/11/2023,Bangkalan,Rp. 13.350
30/11/2023,Bangkalan,Rp. 13.350
01/12/2023,Bangkalan,Rp. 13.350
02/12/2023,Bangkalan,Rp. 13.350
03/12/2023,Bangkalan,Rp. 13.350
04/12/2023,Bangkalan,Rp. 13.350
05/12/2023,Bangkalan,Rp. 13.350
06/12/2023,Bangkalan,Rp. 13.350
07/12/2023,Bangkalan,Rp. 13.350
08/12/2023,Bangkalan,Rp. 13.450
09/12/2023,Bangkalan,Rp. 13.450
10/12/2023,Bangkalan,Rp. 13.450
11/12/2023,Bangkalan,Rp. 13.450
12/12/2023,Bangkalan,Rp. 13.450
13/12/2023,Bangkalan,Rp. 13.350
14/12/2023,Bangkalan,Rp. 13.450
15/12/2023,Bangkalan,Rp. 13.450
16/12/2023,Bangkalan,Rp. 13.450
17/12/2023,Bangkalan,Rp. 13.450
18/12/2023,Bangkalan,Rp. 13.450
19/12/2023,Bangkalan,Rp. 13.450
20/12/2023,Bangkalan,Rp. 13.350
21/12/2023,Bangkalan,Rp. 13.350
22/12/2023,Bangkalan,Rp. 13.450
23/12/2023,Bangkalan,Rp. 13.450
24/12/2023,Bangkalan,Rp. 13.450
25/12/2023,Bangkalan,Rp. 13.450
26/12/2023,Bangkalan,Rp. 13.450
27/12/2023,Bangkalan,Rp. 13.350
28/12/2023,Bangkalan,Rp. 13.450
29/12/2023,Bangkalan,Rp. 13.450
30/12/2023,Bangkalan,Rp. 13.450
31/12/2023,Bangkalan,Rp. 13.450
01/01/2024,Bangkalan,Rp. 13.450
02/01/2024,Bangkalan,Rp. 13.450
03/01/2024,Bangkalan,Rp. 13.450
04/01/2024,Bangkalan,Rp. 13.450
05/01/2024,Bangkalan,Rp. 13.450
06/01/2024,Bangkalan,Rp. 13.450
07/01/2024,Bangkalan,Rp. 13.450
08/01/2024,Bangkalan,Rp. 13.450
09/01/2024,Bangkalan,Rp. 13.450
10/01/2024,Bangkalan,Rp. 13.450
11/01/2024,Bangkalan,Rp. 13.450
12/01/2024,Bangkalan,Rp. 13.450
13/01/2024,Bangkalan,Rp. 13.450
14/01/2024,Bangkalan,Rp. 13.450
15/01/2024,Bangkalan,Rp. 13.450
16/01/2024,Bangkalan,Rp. 13.450
17/01/2024,Bangkalan,Rp. 13.450
18/01/2024,Bangkalan,Rp. 13.450
19/01/2024,Bangkalan,Rp. 13.450
20/01/2024,Bangkalan,Rp. 13.450
21/01/2024,Bangkalan,Rp. 13.450
22/01/2024,Bangkalan,Rp. 13.450
23/01/2024,Bangkalan,Rp. 13.450
24/01/2024,Bangkalan,Rp. 13.450
25/01/2024,Bangkalan,Rp. 13.450
26/01/2024,Bangkalan,Rp. 13.450
27/01/2024,Bangkalan,Rp. 13.450
28/01/2024,Bangkalan,Rp. 13.450
29/01/2024,Bangkalan,Rp. 13.450
30/01/2024,Bangkalan,Rp. 13.450
31/01/2024,Bangkalan,Rp. 13.550
01/02/2024,Bangkalan,Rp. 13.550
02/02/2024,Bangkalan,Rp. 13.550
03/02/2024,Bangkalan,Rp. 13.550
04/02/2024,Bangkalan,Rp. 13.550
05/02/2024,Bangkalan,Rp. 13.550
06/02/2024,Bangkalan,Rp. 13.550
07/02/2024,Bangkalan,Rp. 13.550
08/02/2024,Bangkalan,Rp. 13.600
09/02/2024,Bangkalan,Rp. 13.600
10/02/2024,Bangkalan,Rp. 13.600
11/02/2024,Bangkalan,Rp. 13.600
12/02/2024,Bangkalan,Rp. 13.600
13/02/2024,Bangkalan,Rp. 13.600
14/02/2024,Bangkalan,Rp. 13.700
15/02/2024,Bangkalan,Rp. 13.700
16/02/2024,Bangkalan,Rp. 13.700
17/02/2024,Bangkalan,Rp. 13.700
18/02/2024,Bangkalan,Rp. 13.700
19/02/2024,Bangkalan,Rp. 13.700
20/02/2024,Bangkalan,Rp. 13.700
21/02/2024,Bangkalan,Rp. 13.850
22/02/2024,Bangkalan,Rp. 14.050
23/02/2024,Bangkalan,Rp. 14.050
24/02/2024,Bangkalan,Rp. 14.050
25/02/2024,Bangkalan,Rp. 14.050
26/02/2024,Bangkalan,Rp. 14.050
27/02/2024,Bangkalan,Rp. 14.050
28/02/2024,Bangkalan,Rp. 14.050
29/02/2024,Bangkalan,Rp. 14.050
01/03/2024,Bangkalan,Rp. 14.050
02/03/2024,Bangkalan,Rp. 14.050
03/03/2024,Bangkalan,Rp. 14.050
04/03/2024,Bangkalan,Rp. 14.050
05/03/2024,Bangkalan,Rp. 14.050
06/03/2024,Bangkalan,Rp. 14.250
07/03/2024,Bangkalan,Rp. 14.250
08/03/2024,Bangkalan,Rp. 14.250
09/03/2024,Bangkalan,Rp. 14.250
10/03/2024,Bangkalan,Rp. 14.250
11/03/2024,Bangkalan,Rp. 14.250
12/03/2024,Bangkalan,Rp. 14.250
13/03/2024,Bangkalan,Rp. 14.250
14/03/2024,Bangkalan,Rp. 14.250
15/03/2024,Bangkalan,Rp. 14.250
16/03/2024,Bangkalan,Rp. 14.250
17/03/2024,Bangkalan,Rp. 14.250
18/03/2024,Bangkalan,Rp. 14.250
19/03/2024,Bangkalan,Rp. 14.250
20/03/2024,Bangkalan,Rp. 14.100
21/03/2024,Bangkalan,Rp. 14.150
22/03/2024,Bangkalan,Rp. 14.150
23/03/2024,Bangkalan,Rp. 14.150
24/03/2024,Bangkalan,Rp. 14.150
25/03/2024,Bangkalan,Rp. 14.150
26/03/2024,Bangkalan,Rp. 14.150
27/03/2024,Bangkalan,Rp. 14.150
28/03/2024,Bangkalan,Rp. 14.200
29/03/2024,Bangkalan,Rp. 14.200
30/03/2024,Bangkalan,Rp. 14.200
31/03/2024,Bangkalan,Rp. 14.200
01/04/2024,Bangkalan,Rp. 14.200
02/04/2024,Bangkalan,Rp. 14.150
03/04/2024,Bangkalan,Rp. 14.150
04/04/2024,Bangkalan,Rp. 14.150
05/04/2024,Bangkalan,Rp. 14.150
06/04/2024,Bangkalan,Rp. 14.150
07/04/2024,Bangkalan,Rp. 14.150
08/04/2024,Bangkalan,Rp. 14.150
09/04/2024,Bangkalan,Rp. 14.200
10/04/2024,Bangkalan,Rp. 14.200
11/04/2024,Bangkalan,Rp. 14.200
12/04/2024,Bangkalan,Rp. 14.200
13/04/2024,Bangkalan,Rp. 14.200
14/04/2024,Bangkalan,Rp. 14.200
15/04/2024,Bangkalan,Rp. 14.200
16/04/2024,Bangkalan,Rp. 14.300
17/04/2024,Bangkalan,Rp. 14.350
18/04/2024,Bangkalan,Rp. 14.350
19/04/2024,Bangkalan,Rp. 14.350
20/04/2024,Bangkalan,Rp. 14.350
21/04/2024,Bangkalan,Rp. 14.350
22/04/2024,Bangkalan,Rp. 14.350
23/04/2024,Bangkalan,Rp. 14.350
24/04/2024,Bangkalan,Rp. 14.250
25/04/2024,Bangkalan,Rp. 14.200
26/04/2024,Bangkalan,Rp. 14.200
27/04/2024,Bangkalan,Rp. 14.200
28/04/2024,Bangkalan,Rp. 14.200
29/04/2024,Bangkalan,Rp. 14.200
30/04/2024,Bangkalan,Rp. 14.200
01/05/2024,Bangkalan,Rp. 14.200
02/05/2024,Bangkalan,Rp. 14.200
03/05/2024,Bangkalan,Rp. 14.200
04/05/2024,Bangkalan,Rp. 14.200
05/05/2024,Bangkalan,Rp. 14.200
06/05/2024,Bangkalan,Rp. 14.200
07/05/2024,Bangkalan,Rp. 14.200
08/05/2024,Bangkalan,Rp. 14.150
09/05/2024,Bangkalan,Rp. 14.150
10/05/2024,Bangkalan,Rp. 14.150
11/05/2024,Bangkalan,Rp. 14.150
12/05/2024,Bangkalan,Rp. 14.150
13/05/2024,Bangkalan,Rp. 14.150
14/05/2024,Bangkalan,Rp. 14.150
15/05/2024,Bangkalan,Rp. 14.100
16/05/2024,Bangkalan,Rp. 14.100
17/05/2024,Bangkalan,Rp. 14.100
18/05/2024,Bangkalan,Rp. 14.100
19/05/2024,Bangkalan,Rp. 14.100
20/05/2024,Bangkalan,Rp. 14.100
21/05/2024,Bangkalan,Rp. 14.100
22/05/2024,Bangkalan,Rp. 14.100
23/05/2024,Bangkalan,Rp. 14.100
24/05/2024,Bangkalan,Rp. 14.100
25/05/2024,Bangkalan,Rp. 14.100
26/05/2024,Bangkalan,Rp. 14.100
27/05/2024,Bangkalan,Rp. 14.100
28/05/2024,Bangkalan,Rp. 14.100
29/05/2024,Bangkalan,Rp. 14.000
30/05/2024,Bangkalan,Rp. 14.100
31/05/2024,Bangkalan,Rp. 14.100
01/06/2024,Bangkalan,Rp. 14.100
02/06/2024,Bangkalan,Rp. 14.100
03/06/2024,Bangkalan,Rp. 14.100
04/06/2024,Bangkalan,Rp. 14.100
05/06/2024,Bangkalan,Rp. 14.050
06/06/2024,Bangkalan,Rp. 14.150
07/06/2024,Bangkalan,Rp. 14.150
08/06/2024,Bangkalan,Rp. 14.150
09/06/2024,Bangkalan,Rp. 14.150
10/06/2024,Bangkalan,Rp. 14.150
11/06/2024,Bangkalan,Rp. 14.150
12/06/2024,Bangkalan,Rp. 14.200
13/06/2024,Bangkalan,Rp. 14.200
14/06/2024,Bangkalan,Rp. 14.200
15/06/2024,Bangkalan,Rp. 14.200
16/06/2024,Bangkalan,Rp. 14.200
17/06/2024,Bangkalan,Rp. 14.200
18/06/2024,Bangkalan,Rp. 14.200
19/06/2024,Bangkalan,Rp. 14.050
20/06/2024,Bangkalan,Rp. 14.050
21/06/2024,Bangkalan,Rp. 14.200
22/06/2024,Bangkalan,Rp. 14.200
23/06/2024,Bangkalan,Rp. 14.200
24/06/2024,Bangkalan,Rp. 14.200
25/06/2024,Bangkalan,Rp. 14.200
26/06/2024,Bangkalan,Rp. 14.150
27/06/2024,Bangkalan,Rp. 14.150
28/06/2024,Bangkalan,Rp. 14.150
29/06/2024,Bangkalan,Rp. 14.150
30/06/2024,Bangkalan,Rp. 14.150
01/07/2024,Bangkalan,Rp. 14.150
02/07/2024,Bangkalan,Rp. 14.150
03/07/2024,Bangkalan,Rp. 14.050
04/07/2024,Bangkalan,Rp. 14.150
05/07/2024,Bangkalan,Rp. 14.150
06/07/2024,Bangkalan,Rp. 14.150
07/07/2024,Bangkalan,Rp. 14.150
08/07/2024,Bangkalan,Rp. 14.150
09/07/2024,Bangkalan,Rp. 14.150
10/07/2024,Bangkalan,Rp. 14.150
11/07/2024,Bangkalan,Rp. 14.150
12/07/2024,Bangkalan,Rp. 14.150
13/07/2024,Bangkalan,Rp. 14.150
14/07/2024,Bangkalan,Rp. 14.150
15/07/2024,Bangkalan,Rp. 14.150
16/07/2024,Bangkalan,Rp. 14.150
17/07/2024,Bangkalan,Rp. 14.100
18/07/2024,Bangkalan,Rp. 14.100
19/07/2024,Bangkalan,Rp. 14.100
20/07/2024,Bangkalan,Rp. 14.100
21/07/2024,Bangkalan,Rp. 14.100
22/07/2024,Bangkalan,Rp. 14.100
23/07/2024,Bangkalan,Rp. 14.100
24/07/2024,Bangkalan,Rp. 14.100
25/07/2024,Bangkalan,Rp. 14.100
26/07/2024,Bangkalan,Rp. 14.100
27/07/2024,Bangkalan,Rp. 14.100
28/07/2024,Bangkalan,Rp. 14.100
29/07/2024,Bangkalan,Rp. 14.100
30/07/2024,Bangkalan,Rp. 14.100
31/07/2024,Bangkalan,Rp. 14.100
01/08/2024,Bangkalan,Rp. 14.100
02/08/2024,Bangkalan,Rp. 14.100
03/08/2024,Bangkalan,Rp. 14.100
04/08/2024,Bangkalan,Rp. 14.100
05/08/2024,Bangkalan,Rp. 14.100
06/08/2024,Bangkalan,Rp. 14.100
07/08/2024,Bangkalan,Rp. 14.000
08/08/2024,Bangkalan,Rp. 14.150
09/08/2024,Bangkalan,Rp. 14.150
10/08/2024,Bangkalan,Rp. 14.150
11/08/2024,Bangkalan,Rp. 14.150
12/08/2024,Bangkalan,Rp. 14.150
13/08/2024,Bangkalan,Rp. 14.150
14/08/2024,Bangkalan,Rp. 14.150
15/08/2024,Bangkalan,Rp. 14.150
16/08/2024,Bangkalan,Rp. 14.150
17/08/2024,Bangkalan,Rp. 14.150
18/08/2024,Bangkalan,Rp. 14.150
19/08/2024,Bangkalan,Rp. 14.150
20/08/2024,Bangkalan,Rp. 14.150
21/08/2024,Bangkalan,Rp. 14.100
22/08/2024,Bangkalan,Rp. 14.200
23/08/2024,Bangkalan,Rp. 14.200
24/08/2024,Bangkalan,Rp. 14.200
25/08/2024,Bangkalan,Rp. 14.200
26/08/2024,Bangkalan,Rp. 14.200
27/08/2024,Bangkalan,Rp. 14.200
28/08/2024,Bangkalan,Rp. 14.050
29/08/2024,Bangkalan,Rp. 14.200
30/08/2024,Bangkalan,Rp. 14.200
31/08/2024,Bangkalan,Rp. 14.200
01/09/2024,Bangkalan,Rp. 14.200
02/09/2024,Bangkalan,Rp. 14.200
03/09/2024,Bangkalan,Rp. 14.200
04/09/2024,Bangkalan,Rp. 14.100
05/09/2024,Bangkalan,Rp. 14.200
06/09/2024,Bangkalan,Rp. 14.200
07/09/2024,Bangkalan,Rp. 14.200
08/09/2024,Bangkalan,Rp. 14.200
09/09/2024,Bangkalan,Rp. 14.200
10/09/2024,Bangkalan,Rp. 14.200
11/09/2024,Bangkalan,Rp. 14.100
12/09/2024,Bangkalan,Rp. 14.200
13/09/2024,Bangkalan,Rp. 14.200
14/09/2024,Bangkalan,Rp. 14.200
15/09/2024,Bangkalan,Rp. 14.200
16/09/2024,Bangkalan,Rp. 14.200
17/09/2024,Bangkalan,Rp. 14.200
18/09/2024,Bangkalan,Rp. 14.200
19/09/2024,Bangkalan,Rp. 14.200
20/09/2024,Bangkalan,Rp. 14.200
21/09/2024,Bangkalan,Rp. 14.200
22/09/2024,Bangkalan,Rp. 14.200
23/09/2024,Bangkalan,Rp. 14.200
24/09/2024,Bangkalan,Rp. 14.200
25/09/2024,Bangkalan,Rp. 14.100
26/09/2024,Bangkalan,Rp. 14.250
27/09/2024,Bangkalan,Rp. 14.250
28/09/2024,Bangkalan,Rp. 14.250
29/09/2024,Bangkalan,Rp. 14.250
30/09/2024,Bangkalan,Rp. 14.250
01/10/2024,Bangkalan,Rp. 14.250
02/10/2024,Bangkalan,Rp. 14.250
03/10/2024,Bangkalan,Rp. 14.200
04/10/2024,Bangkalan,Rp. 14.200
05/10/2024,Bangkalan,Rp. 14.200
06/10/2024,Bangkalan,Rp. 14.200
07/10/2024,Bangkalan,Rp. 14.200
08/10/2024,Bangkalan,Rp. 14.200
09/10/2024,Bangkalan,Rp. 14.050
10/10/2024,Bangkalan,Rp. 14.200
11/10/2024,Bangkalan,Rp. 14.200
12/10/2024,Bangkalan,Rp. 14.200
13/10/2024,Bangkalan,Rp. 14.200
14/10/2024,Bangkalan,Rp. 14.200
15/10/2024,Bangkalan,Rp. 14.200
16/10/2024,Bangkalan,Rp. 14.200
17/10/2024,Bangkalan,Rp. 14.200
18/10/2024,Bangkalan,Rp. 14.200
19/10/2024,Bangkalan,Rp. 14.200
20/10/2024,Bangkalan,Rp. 14.200
21/10/2024,Bangkalan,Rp. 14.200
22/10/2024,Bangkalan,Rp. 14.200
23/10/2024,Bangkalan,Rp. 14.200
24/10/2024,Bangkalan,Rp. 14.200
25/10/2024,Bangkalan,Rp. 14.200
26/10/2024,Bangkalan,Rp. 14.200
27/10/2024,Bangkalan,Rp. 14.200
28/10/2024,Bangkalan,Rp. 14.200
29/10/2024,Bangkalan,Rp. 14.200
30/10/2024,Bangkalan,Rp. 14.200
31/10/2024,Bangkalan,Rp. 14.200
01/11/2024,Bangkalan,Rp. 14.200
02/11/2024,Bangkalan,Rp. 14.200
03/11/2024,Bangkalan,Rp. 14.200
04/11/2024,Bangkalan,Rp. 14.200
05/11/2024,Bangkalan,Rp. 14.200
06/11/2024,Bangkalan,Rp. 14.200
07/11/2024,Bangkalan,Rp. 14.250
08/11/2024,Bangkalan,Rp. 14.250
09/11/2024,Bangkalan,Rp. 14.250
10/11/2024,Bangkalan,Rp. 14.250
11/11/2024,Bangkalan,Rp. 14.250
12/11/2024,Bangkalan,Rp. 14.250
13/11/2024,Bangkalan,Rp. 14.200
14/11/2024,Bangkalan,Rp. 14.250
15/11/2024,Bangkalan,Rp. 14.250
16/11/2024,Bangkalan,Rp. 14.250
17/11/2024,Bangkalan,Rp. 14.250
18/11/2024,Bangkalan,Rp. 14.250
19/11/2024,Bangkalan,Rp. 14.250
20/11/2024,Bangkalan,Rp. 14.150
21/11/2024,Bangkalan,Rp. 14.250
22/11/2024,Bangkalan,Rp. 14.250
23/11/2024,Bangkalan,Rp. 14.250
24/11/2024,Bangkalan,Rp. 14.250
25/11/2024,Bangkalan,Rp. 14.250
26/11/2024,Bangkalan,Rp. 14.250
27/11/2024,Bangkalan,Rp. 14.250
28/11/2024,Bangkalan,Rp. 14.250
29/11/2024,Bangkalan,Rp. 14.250
30/11/2024,Bangkalan,Rp. 14.250
01/12/2024,Bangkalan,Rp. 14.250
02/12/2024,Bangkalan,Rp. 14.250
03/12/2024,Bangkalan,Rp. 14.250
04/12/2024,Bangkalan,Rp. 14.200
05/12/2024,Bangkalan,Rp. 14.300
06/12/2024,Bangkalan,Rp. 14.300
07/12/2024,Bangkalan,Rp. 14.300
08/12/2024,Bangkalan,Rp. 14.300
09/12/2024,Bangkalan,Rp. 14.300
10/12/2024,Bangkalan,Rp. 14.300
11/12/2024,Bangkalan,Rp. 14.150
12/12/2024,Bangkalan,Rp. 14.250
13/12/2024,Bangkalan,Rp. 14.250
14/12/2024,Bangkalan,Rp. 14.250
15/12/2024,Bangkalan,Rp. 14.250
16/12/2024,Bangkalan,Rp. 14.250
17/12/2024,Bangkalan,Rp. 14.250
18/12/2024,Bangkalan,Rp. 14.250
19/12/2024,Bangkalan,Rp. 14.250
20/12/2024,Bangkalan,Rp. 14.250
21/12/2024,Bangkalan,Rp. 14.250
22/12/2024,Bangkalan,Rp. 14.250
23/12/2024,Bangkalan,Rp. 14.250
24/12/2024,Bangkalan,Rp. 14.250
25/12/2024,Bangkalan,Rp. 14.350
26/12/2024,Bangkalan,Rp. 14.350
27/12/2024,Bangkalan,Rp. 14.350
28/12/2024,Bangkalan,Rp. 14.350
29/12/2024,Bangkalan,Rp. 14.350
30/12/2024,Bangkalan,Rp. 14.350
31/12/2024,Bangkalan,Rp. 14.350
01/01/2025,Bangkalan,Rp. 14.350
02/01/2025,Bangkalan,Rp. 14.250
03/01/2025,Bangkalan,Rp. 14.350
04/01/2025,Bangkalan,Rp. 14.350
05/01/2025,Bangkalan,Rp. 14.350
06/01/2025,Bangkalan,Rp. 14.350
07/01/2025,Bangkalan,Rp. 14.350
08/01/2025,Bangkalan,Rp. 14.250
09/01/2025,Bangkalan,Rp. 14.300
10/01/2025,Bangkalan,Rp. 14.350
11/01/2025,Bangkalan,Rp. 14.350
12/01/2025,Bangkalan,Rp. 14.350
13/01/2025,Bangkalan,Rp. 14.350
14/01/2025,Bangkalan,Rp. 14.350
15/01/2025,Bangkalan,Rp. 14.150
16/01/2025,Bangkalan,Rp. 14.250
17/01/2025,Bangkalan,Rp. 14.250
18/01/2025,Bangkalan,Rp. 14.250
19/01/2025,Bangkalan,Rp. 14.250
20/01/2025,Bangkalan,Rp. 14.250
21/01/2025,Bangkalan,Rp. 14.250
22/01/2025,Bangkalan,Rp. 14.250
23/01/2025,Bangkalan,Rp. 14.250
24/01/2025,Bangkalan,Rp. 14.250
25/01/2025,Bangkalan,Rp. 14.250
26/01/2025,Bangkalan,Rp. 14.250
27/01/2025,Bangkalan,Rp. 14.250
28/01/2025,Bangkalan,Rp. 14.250
29/01/2025,Bangkalan,Rp. 14.250
30/01/2025,Bangkalan,Rp. 14.150
31/01/2025,Bangkalan,Rp. 14.150
01/02/2025,Bangkalan,Rp. 14.150
